X,Y,Id,Burg,Province,Province Full Name,State,State Full Name,Culture,Religion,Population,X,Y,Latitude,Longitude,Elevation (m),Capital,Port,Citadel,Walls,Plaza,Temple,Shanty Town,icon_url
-1.9,-16.38,"1",Nererone,,,Neutrals,undefined,Human,Greek Deities,"4702",914.3,837.06,-16.38,-1.9,"9",,,,walls,plaza,,shanty town,./0.png
-30.591824322609,2.97792463035129,"2",Pondge,,,Neutrals,undefined,Territori Selvaggi,The Norse Pantheon,"11542",225,371.5,3.02,-30.62,"4",,port,,walls,plaza,temple,shanty town,./0.png
-4.92,1.21,"3",Itesplain,,,Neutrals,undefined,Territori Selvaggi,The Norse Pantheon,"510",841.97,415.03,1.21,-4.92,"9",,,,,,,,./0.png
-28.97,-1.09,"4",Nakafik,,,Neutrals,undefined,Vedalken,The Norse Pantheon,"4509",264.7,470.13,-1.09,-28.97,"25",,,,walls,plaza,,,./0.png
-13.79,-1.29,"5",Vidrekkivo,Vidrekkivo,Vidrekkivo County,Tragbigia,Empire of Tragbigia,Dwarf,The Norse Pantheon,"926",629,475,-1.29,-13.79,"64",capital,port,citadel,walls,plaza,,,./0.png
-0.100083902796373,1.83405844749801,"6",Sahriondell,,,Neutrals,undefined,Triton,The Norse Pantheon,"3449",957.5,401,1.79,-0.1,"9",,port,citadel,walls,plaza,,,./0.png
-7.31578873187486,-6.67750476465074,"7",Fallows,,,Neutrals,undefined,Territori Selvaggi,The Norse Pantheon,"1634",784.5,605,-6.71,-7.31,"9",,port,,,,,,./0.png
22.4131363732339,-9.68113466494736,"8",Curow,,,Neutrals,undefined,Territori Selvaggi,The Egyptian Pantheon,"643",1499.5,676.5,-9.69,22.48,"64",,,,walls,,,,./0.png
-24.64,-10.12,"9",Viohti,,,Neutrals,undefined,Haregon,Greek Deities,"489",368.66,686.94,-10.12,-24.64,"25",,,citadel,,,,,./0.png
-15.79,-11.77,"10",Pinganhua,,,Neutrals,undefined,Tortle,Greek Deities,"496",581.07,726.55,-11.77,-15.79,"25",,,,walls,,,,./0.png
-2.29,-5.37,"11",Nightme,,,Neutrals,undefined,Territori Selvaggi,The Norse Pantheon,"2463",905.13,572.81,-5.37,-2.29,"9",,,citadel,walls,,,,./0.png
10.3251181963562,16.263684159643,"12",Nurquel,,,Neutrals,undefined,Fairy,No religion,"1725",1207.5,53.5,16.27,10.31,"4",,port,,,plaza,,,./0.png
20.0076635707394,-4.02673938551523,"13",Trinodi,,,Neutrals,undefined,Kender,The Egyptian Pantheon,"702",1442,541,-4.04,20.08,"16",,port,,,,,,./0.png
32.5885860307155,-6.89478938890455,"14",Llaughei,,,Neutrals,undefined,Elf,The Egyptian Pantheon,"617",1742.5,609.5,-6.9,32.6,"4",,port,citadel,walls,,,,./0.png
16.4,-14.74,"15",Lastfall,,,Neutrals,undefined,Territori Selvaggi,No religion,"5750",1353.6,797.8,-14.74,16.4,"16",,,,walls,,,,./0.png
12.3907492835767,-16.3743217071297,"16",Littford,,,Neutrals,undefined,Territori Selvaggi,Greek Deities,"8328",1258.5,835,-16.29,12.44,"16",,port,,walls,plaza,,,./0.png
-29.81,-17.64,"17",Monto,,,Neutrals,undefined,Human,Greek Deities,"1167",244.6,867.3,-17.64,-29.81,"25",,,,,,,,./0.png
5.74804791353202,-3.16063359672023,"18",Micepietrici,,,Neutrals,undefined,Aasimar,No religion,"643",1098.5,519.5,-3.15,5.77,"25",,port,,,,,,./0.png
2.76,-2.13,"19",Montinico,,,Neutrals,undefined,Aasimar,No religion,"3043",1026.2,495.04,-2.13,2.76,"36",,,,walls,plaza,,,./0.png
-30.4071859103736,16.1769843834629,"20",Tosvikhol,,,Neutrals,undefined,Kobold,No religion,"2509",229.5,54.5,16.23,-30.44,"4",,port,,walls,,,,./0.png
-35.8189645321824,-2.25760012547824,"21",Shimburn,,,Neutrals,undefined,Territori Selvaggi,The Norse Pantheon,"4293",99.5,498.5,-2.27,-35.85,"4",,port,,walls,plaza,,,./0.png
-36.4497678420029,-7.22696013632698,"22",Menti,Piliano,Piliano Earldom,Fonticalia,Fonticalian Empire,Human,Greek Deities,"777",84,618,-7.25,-36.5,"4",capital,port,citadel,walls,,,,./0.png
-12.47,-10.42,"23",Bavenband,,,Neutrals,undefined,Territori Selvaggi,Greek Deities,"482",660.8,694.19,-10.42,-12.47,"25",,,citadel,,plaza,,,./0.png
9.72,-11.21,"24",Ikhkhus,,,Neutrals,undefined,Gith,No religion,"2753",1193.22,712.95,-11.21,9.72,"9",,,citadel,walls,plaza,,,./0.png
35.8385788752604,-11.7364188652987,"25",Rethalon,Dolonlunan,Dolonlunan Margrave,Dranzandyndor,Empire of Dranzandyndor,Astral Elf,The Egyptian Pantheon,"1898",1821,725,-11.71,35.88,"4",capital,port,citadel,walls,plaza,,,./0.png
-36.7937126331042,-18.2924204591632,"26",Tusa,,,Neutrals,undefined,Human,Greek Deities,"625",76,882.5,-18.27,-36.83,"4",,port,citadel,,,,,./0.png
-34.1477639082008,-19.7880807955703,"27",Pasecqua,,,Neutrals,undefined,Human,Greek Deities,"5382",140.5,920,-19.83,-34.15,"4",,port,,walls,plaza,,,./0.png
-3.78,-2.55,"28",Thornpass,,,Neutrals,undefined,Territori Selvaggi,The Norse Pantheon,"5474",869.21,505.31,-2.55,-3.78,"16",,,,walls,plaza,,shanty town,./0.png
-22.26,-4.48,"29",Beargake,,,Neutrals,undefined,Territori Selvaggi,The Norse Pantheon,"648",425.76,551.64,-4.48,-22.26,"25",,,,,,,,./0.png
8.95,-7.17,"30",Gloomwall,,,Neutrals,undefined,Kalashtar,No religion,"475",1174.81,616.04,-7.17,8.95,"25",,,citadel,,,,,./0.png
9.63776379795714,-8.12749608315226,"31",Mosshire,,,Neutrals,undefined,Kalashtar,No religion,"4983",1189.5,640,-8.17,9.56,"25",,port,citadel,walls,,,,./0.png
11.0238898492315,-18.5551065094208,"32",Houndtown,,,Neutrals,undefined,Territori Selvaggi,Greek Deities,"3509",1224.5,889.5,-18.56,11.02,"25",,port,citadel,walls,plaza,,,./0.png
-24.84,-8.67,"33",Wolfront,,,Neutrals,undefined,Territori Selvaggi,Greek Deities,"509",363.78,652.18,-8.67,-24.84,"36",,,,,,,,./0.png
-14.09,-6.29,"34",Flagonbrook,,,Neutrals,undefined,Territori Selvaggi,The Norse Pantheon,"3904",621.74,594.96,-6.29,-14.09,"49",,,,,plaza,,,./0.png
-10.2122034768541,-8.47108408505114,"35",Higdakjar,,,Neutrals,undefined,Dwarf,Greek Deities,"7150",714,647,-8.46,-10.25,"49",,port,citadel,walls,plaza,temple,shanty town,./0.png
-20.2672367785297,-4.80543181972519,"36",Brittkeep,,,Neutrals,undefined,Territori Selvaggi,The Norse Pantheon,"3360",471.5,559.5,-4.81,-20.35,"64",,port,citadel,,,,,./0.png
-18.360020097169,10.1622320096197,"37",Fayvateden,,,Neutrals,undefined,Territori Selvaggi,The Norse Pantheon,"2235",518,200,10.17,-18.42,"4",,port,citadel,,,,,./0.png
-19.12,9.6,"38",Fallehold,,,Neutrals,undefined,Territori Selvaggi,The Norse Pantheon,"447",501.16,213.61,9.6,-19.12,"4",,,,,,,,./0.png
-8.7,8.99,"39",Boulverwood,,,Neutrals,undefined,Territori Selvaggi,The Norse Pantheon,"1834",751.2,228.12,8.99,-8.7,"4",,,,walls,,,,./0.png
20.71,4.02,"40",Gerionde,Gerionde,Gerionde Margrave,Dranzandyndor,Empire of Dranzandyndor,Elf (High),The Egyptian Pantheon,"1682",1457.1,347.5,4.02,20.71,"49",,,citadel,walls,,,,./0.png
-3.64,2.15,"41",Audrock,,,Neutrals,undefined,Territori Selvaggi,The Norse Pantheon,"1904",872.7,392.4,2.15,-3.64,"9",,,citadel,,,,,./0.png
1.56,2.08,"42",Umyesi,,,Neutrals,undefined,Triton,No religion,"1246",997.5,394,2.08,1.56,"9",,,citadel,,plaza,,,./0.png
-27.91,-2.76,"43",Napik,,,Neutrals,undefined,Vedalken,The Norse Pantheon,"3612",290.11,510.3,-2.76,-27.91,"25",,,,walls,plaza,,,./0.png
14.27,-4.33,"44",Shadowmeva,,,Neutrals,undefined,Territori Selvaggi,The Egyptian Pantheon,"485",1302.5,548,-4.33,14.27,"25",,,,walls,plaza,,,./0.png
-16.39,-10.96,"45",Yongchang,,,Neutrals,undefined,Tortle,Greek Deities,"738",566.53,707.13,-10.96,-16.39,"25",,,citadel,,,,,./0.png
-38.1373807692943,-15.3788798324694,"46",Guargo,,,Neutrals,undefined,Human,Greek Deities,"3834",43.5,814,-15.42,-38.19,"4",,port,,,,,,./0.png
28.16,-19.01,"47",Kelsenil-Sin,Obethrion,Obethrion Territory,Dranzandyndor,Empire of Dranzandyndor,Elf (Wood),The Egyptian Pantheon,"462",1635.8,900.3,-19.01,28.16,"4",,,citadel,,,,,./0.png
30.3,-21.34,"48",Haulsrion,Methes,Methes County,Dranzandyndor,Empire of Dranzandyndor,Elf,The Egyptian Pantheon,"460",1687.26,956.2,-21.34,30.3,"4",,,citadel,,plaza,,,./0.png
-19.7820034632832,-8.4389730568363,"49",Montigno,,,Neutrals,undefined,Genasi,The Norse Pantheon,"599",485,644.5,-8.35,-19.79,"25",,port,,,plaza,,,./0.png
10.4472293008732,-19.0824409505491,"50",Roneguard,,,Neutrals,undefined,Territori Selvaggi,Greek Deities,"1948",1211,902.5,-19.1,10.46,"9",,port,citadel,,,,,./0.png
-8.12,8.21,"51",Aranta,,,Neutrals,undefined,Giff,The Norse Pantheon,"2725",765.09,247.01,8.21,-8.12,"16",,,,,plaza,,,./0.png
9.7,-8.84,"52",Ghostvale,,,Neutrals,undefined,Kalashtar,No religion,"2302",1192.68,656.22,-8.84,9.7,"16",,,,walls,,,,./0.png
7.86,-14.7,"53",Boulmime,,,Neutrals,undefined,Territori Selvaggi,Greek Deities,"494",1148.69,796.7,-14.7,7.86,"16",,,,,plaza,,,./0.png
-10.6,7.85,"54",Amemec,,,Neutrals,undefined,Gnome,The Norse Pantheon,"646",705.5,255.5,7.85,-10.6,"36",,,citadel,,,,,./0.png
5.25,1.03,"55",Lostshell,,,Neutrals,undefined,Territori Selvaggi,The Egyptian Pantheon,"4166",1085.97,419.27,1.03,5.25,"36",,,citadel,walls,,,,./0.png
3.32,-5.94,"56",Cafesp,,,Neutrals,undefined,Satyr,No religion,"1644",1039.7,586.6,-5.94,3.32,"36",,,,,,,,./0.png
-8.82215274435357,-6.14125059346281,"57",Silduduga,,,Neutrals,undefined,Dwarf,The Norse Pantheon,"619",748.5,592,-6.17,-8.81,"121",,port,,,,,,./0.png
14.5916034785022,16.6672127475429,"58",Sungelde,,,Neutrals,undefined,Territori Selvaggi,The Egyptian Pantheon,"4294",1310.5,43.5,16.69,14.6,"4",,port,citadel,walls,plaza,,,./0.png
-33.4227682489501,15.512642888618,"59",Memecsecelma,,,Neutrals,undefined,Half-Orc,No religion,"3088",157.5,70.5,15.56,-33.44,"4",,port,,,plaza,,,./0.png
-14.2205517710728,12.9769420272523,"60",Ampsaros,,,Neutrals,undefined,Minotaur,The Norse Pantheon,"632",618.5,132,13,-14.23,"4",,port,citadel,,,,,./0.png
-32.0282576514198,4.56313905655758,"61",Maluzeskeher,,,Neutrals,undefined,Orc,The Norse Pantheon,"2912",192,334.5,4.56,-32,"4",,port,citadel,walls,plaza,,,./0.png
3.62,1.88,"62",Unyhalorran,,,Neutrals,undefined,Triton,No religion,"491",1046.8,398.8,1.88,3.62,"9",,,,,plaza,,,./0.png
14.37,-5.15,"63",Steamhorn,,,Neutrals,undefined,Territori Selvaggi,The Egyptian Pantheon,"494",1304.9,567.5,-5.15,14.37,"25",,,,,,,,./0.png
-18.55,-6.37,"64",Bridford,,,Neutrals,undefined,Territori Selvaggi,The Norse Pantheon,"445",514.79,596.96,-6.37,-18.55,"25",,,,walls,,,,./0.png
15.9322389064719,-11.4613343902581,"65",Yoshinami,,,Neutrals,undefined,Aarakocra,No religion,"4368",1343,720.5,-11.52,15.96,"9",,port,,,,,,./0.png
18.9314089417386,-13.0069452149994,"66",Mooney,,,Neutrals,undefined,Territori Selvaggi,The Egyptian Pantheon,"645",1412.5,756,-13,18.85,"9",,port,,walls,plaza,,,./0.png
17.726353410676,-21.7126017532468,"67",Cloudge,,,Neutrals,undefined,Territori Selvaggi,The Egyptian Pantheon,"587",1385,965.5,-21.73,17.71,"4",,port,citadel,,,,,./0.png
29.48,-21.15,"68",Thymanorlon,Methes,Methes County,Dranzandyndor,Empire of Dranzandyndor,Elf,The Egyptian Pantheon,"3624",1667.59,951.54,-21.15,29.48,"4",,,citadel,walls,plaza,,,./0.png
33.1,-22.65,"69",Af Ilaurtha,Af Ilaurtha,Af Ilaurtha County,Dranzandyndor,Empire of Dranzandyndor,Elf,The Egyptian Pantheon,"3598",1754.3,987.5,-22.65,33.1,"4",,,citadel,walls,plaza,,,./0.png
-27.36,-23.85,"70",Scandriglia,Nettaquitoli,Nettaquitoli Tribe,Fonticalia,Fonticalian Empire,Human,Greek Deities,"815",303.27,1016.33,-23.85,-27.36,"4",,,,,,,,./0.png
8.66756475936593,-23.9122963832644,"71",Bayfpass,,,Neutrals,undefined,Territori Selvaggi,Greek Deities,"1108",1169,1018.5,-23.94,8.71,"4",,port,citadel,,plaza,,,./0.png
11.840045149692,-6.38761353771121,"72",Whitlec,,,Neutrals,undefined,Territori Selvaggi,No religion,"2291",1243.5,596.5,-6.35,11.81,"25",,port,,,,,,./0.png
-21.9569904410355,-9.13542557989609,"73",Resaricames,,,Neutrals,undefined,Centaur,Greek Deities,"5088",432.5,661.5,-9.06,-21.98,"25",,port,citadel,,plaza,,,./0.png
4.72,-11.4,"74",Organi,Gorsa,Gorsa County,Fonticalia,Fonticalian Empire,Human,Greek Deities,"460",1073.22,717.59,-11.4,4.72,"9",,,,,,,,./0.png
-24.3121559659933,-11.6133265904751,"75",Mumalo,,,Neutrals,undefined,Haregon,Greek Deities,"4530",377,722.5,-11.6,-24.29,"25",,port,,,,,,./0.png
5.12,-13.2,"76",Castrolola,Gorsa,Gorsa County,Fonticalia,Fonticalian Empire,Human,Greek Deities,"456",1082.86,760.7,-13.2,5.12,"9",,,citadel,,plaza,,,./0.png
-2.46,-14.06,"77",Allati,Gorroniano,Gorroniano County,Fonticalia,Fonticalian Empire,Human,Greek Deities,"493",900.88,781.48,-14.06,-2.46,"9",,,citadel,,plaza,,,./0.png
-1.5696986274292,-14.956441416843,"78",Valla,Gorroniano,Gorroniano County,Fonticalia,Fonticalian Empire,Human,Greek Deities,"686",922.5,801.5,-14.9,-1.56,"9",,port,citadel,,plaza,,,./0.png
15.01,-11.89,"79",Katawaka,,,Neutrals,undefined,Aarakocra,No religion,"4133",1320.34,729.37,-11.89,15.01,"16",,,citadel,walls,,,,./0.png
10.72,-12.73,"80",Newtownfone,,,Neutrals,undefined,Territori Selvaggi,Greek Deities,"1355",1217.2,749.4,-12.73,10.72,"25",,,citadel,,,,,./0.png
16.7278788277953,-14.5725362350744,"81",Steambermi,,,Neutrals,undefined,Territori Selvaggi,No religion,"584",1361.5,793,-14.54,16.73,"25",,port,citadel,,,,,./0.png
21.2193197020463,-3.36311146907506,"82",Ching,,,Neutrals,undefined,Thri-kreen,The Egyptian Pantheon,"5908",1469,526,-3.42,21.21,"36",,port,,walls,,temple,shanty town,./0.png
-6.55,-8.03,"83",Ragabwah,,,Neutrals,undefined,Lizardfolk,Greek Deities,"2224",802.9,636.64,-8.03,-6.55,"36",,,,,,,,./0.png
-18.1036670552539,-6.00138922612704,"84",Shagon,,,Neutrals,undefined,Territori Selvaggi,The Norse Pantheon,"627",525.5,589,-6.04,-18.1,"100",,port,,,,,,./0.png
17.332993315044,-7.97764461814965,"85",Kaameau,,,Neutrals,undefined,Kenku,No religion,"558",1377,635.5,-7.98,17.38,"121",,port,citadel,,,,,./0.png
-28.57,16.33,"86",Kopoko,,,Neutrals,undefined,Goblin,No religion,"1565",274.38,52.02,16.33,-28.57,"4",,,citadel,,,,,./0.png
-2.04333629359807,13.196010597518,"87",Holhustad,,,Neutrals,undefined,Dragonborn,The Norse Pantheon,"557",911,128,13.17,-2.04,"4",,port,citadel,walls,,,,./0.png
-28.15,10.01,"88",Vartoszent,,,Neutrals,undefined,Orc,No religion,"430",284.48,203.78,10.01,-28.15,"4",,,citadel,walls,plaza,,,./0.png
27.5484033631929,10.2303787472757,"89",Ormlie,Ryveririan,Ryveririan County,Dranzandyndor,Empire of Dranzandyndor,Elf (Pallid),The Egyptian Pantheon,"560",1622,199,10.21,27.58,"4",,port,citadel,,,,,./0.png
-20.26,9.74,"90",Dogport,,,Neutrals,undefined,Territori Selvaggi,The Norse Pantheon,"1394",473.88,210.19,9.74,-20.26,"4",,,,,,,,./0.png
-28.79,6.89,"91",Oyatagi,,,Neutrals,undefined,Loxodon,The Norse Pantheon,"3302",269.05,278.75,6.89,-28.79,"4",,,citadel,,plaza,,,./0.png
-35.1382107340277,-1.09161301207691,"92",Lostvagonb,,,Neutrals,undefined,Territori Selvaggi,The Norse Pantheon,"9383",116,469.5,-1.06,-35.17,"4",,port,citadel,walls,,temple,shanty town,./0.png
28.76,-1.54,"93",Ulshal,,,Neutrals,undefined,Elf,The Egyptian Pantheon,"448",1650.24,480.91,-1.54,28.76,"4",,,,,,,,./0.png
28.51,-2.13,"94",Nathelselene,,,Neutrals,undefined,Elf,The Egyptian Pantheon,"1255",1644.2,495.11,-2.13,28.51,"4",,,citadel,,,,,./0.png
31.28,-4.83,"95",Nierindell,,,Neutrals,undefined,Elf,The Egyptian Pantheon,"442",1710.7,559.9,-4.83,31.28,"4",,,citadel,walls,,,,./0.png
31.6031342537221,-5.31992184956751,"96",Kyathlin,,,Neutrals,undefined,Elf,The Egyptian Pantheon,"3782",1718.5,571.5,-5.31,31.6,"4",,port,citadel,,,,,./0.png
10.74,-10.83,"97",Khorovlinlai,,,Neutrals,undefined,Gith,No religion,"2572",1217.67,704.03,-10.83,10.74,"9",,,,walls,,,,./0.png
33.6693005247463,-10.2864275467971,"98",Filserinene,,,Neutrals,undefined,Elf,The Egyptian Pantheon,"4425",1768,690,-10.25,33.67,"4",,port,,walls,plaza,,,./0.png
-3.07,-16.54,"99",Aulia,,,Neutrals,undefined,Human,Greek Deities,"4522",886.34,840.95,-16.54,-3.07,"4",,,,walls,plaza,,,./0.png
15.77,-20.65,"100",Pueohonohu,,,Neutrals,undefined,Firbolg,No religion,"511",1338.42,939.48,-20.65,15.77,"4",,,citadel,,plaza,,,./0.png
37.3172917245541,-20.4427889819508,"101",Mathlas,Gualssad,Gualssad County,Dranzandyndor,Empire of Dranzandyndor,Elf,The Egyptian Pantheon,"566",1856,934.5,-20.44,37.33,"4",,port,citadel,,plaza,,,./0.png
35.57,-21.71,"102",Nyfasenora,Af Ilaurtha,Af Ilaurtha County,Dranzandyndor,Empire of Dranzandyndor,Elf,The Egyptian Pantheon,"435",1813.57,965.03,-21.71,35.57,"4",,,citadel,walls,,,,./0.png
26.3362120480824,-23.4171621676516,"103",Wildtown,,,Neutrals,undefined,Territori Selvaggi,The Egyptian Pantheon,"5413",1591.5,1006.5,-23.44,26.31,"4",,port,,walls,plaza,,,./0.png
4.43756117316388,-0.241741131990646,"104",Goldbrook,,,Neutrals,undefined,Territori Selvaggi,The Egyptian Pantheon,"7357",1065.5,450.5,-0.27,4.4,"9",,port,,walls,plaza,,shanty town,./0.png
18.77,-3.76,"105",Rhame,,,Neutrals,undefined,Kender,The Egyptian Pantheon,"1074",1410.43,534.14,-3.76,18.77,"9",,,,,,,,./0.png
-17.72,-9.55,"106",Sutroreno,,,Neutrals,undefined,Genasi,The Norse Pantheon,"449",534.65,673.09,-9.55,-17.72,"25",,,citadel,,,,,./0.png
1.6,-12.91,"107",Torro,Torro,Torro County,Fonticalia,Fonticalian Empire,Human,Greek Deities,"2289",998.47,753.75,-12.91,1.6,"9",,,,,,,,./0.png
9.58415622029861,-20.4257522975368,"108",Nighthclif,,,Neutrals,undefined,Territori Selvaggi,Greek Deities,"8428",1190.5,934.5,-20.44,9.6,"9",,port,,walls,plaza,temple,,./0.png
-25.99,-23.75,"109",Belseleo,Nettaquitoli,Nettaquitoli Tribe,Fonticalia,Fonticalian Empire,Human,Greek Deities,"607",336.13,1014.04,-23.75,-25.99,"9",,,,,,,,./0.png
20.4771981610812,16.4852502543255,"110",Ghostpoint,,,Neutrals,undefined,Territori Selvaggi,The Egyptian Pantheon,"3535",1451,47.5,16.52,20.46,"16",,port,,walls,,,,./0.png
3.05767893293157,9.13967415557806,"111",Smoothgro,,,Neutrals,undefined,Territori Selvaggi,The Norse Pantheon,"615",1033,223.5,9.19,3.04,"25",,port,,,plaza,,,./0.png
-26.05,-5.23,"112",Silportle,,,Neutrals,undefined,Territori Selvaggi,Greek Deities,"487",334.7,569.5,-5.23,-26.05,"25",,,,walls,,,,./0.png
8.55,-6.65,"113",Roseborn,,,Neutrals,undefined,Kalashtar,No religion,"4682",1165.14,603.52,-6.65,8.55,"25",,,,walls,plaza,temple,,./0.png
-8.15,-7.81,"114",Kopendur,,,Neutrals,undefined,Dwarf,Greek Deities,"589",764.5,631.5,-7.81,-8.15,"25",,port,citadel,,plaza,,,./0.png
-19.5568694765768,-23.9154182887853,"115",Pielino,Guiciniania,Guiciniania County,Fonticalia,Fonticalian Empire,Human,Greek Deities,"4423",490.5,1018.5,-23.94,-19.56,"25",,port,,walls,,,,./0.png
3.83735253744819,-23.3721175308502,"116",Shroures,,,Neutrals,undefined,Territori Selvaggi,Greek Deities,"564",1051,1004.5,-23.35,3.79,"25",,port,,,,,,./0.png
13.35,-4.02,"117",Quickwatch,,,Neutrals,undefined,Territori Selvaggi,The Egyptian Pantheon,"4622",1280.3,540.37,-4.02,13.35,"36",,,,walls,plaza,temple,,./0.png
-4.37,-9.78,"118",Bafurbah,,,Neutrals,undefined,Lizardfolk,Greek Deities,"3710",855.03,678.78,-9.78,-4.37,"36",,,citadel,walls,plaza,,,./0.png
19.3581288277937,-7.43247071690203,"119",Laststar,,,Neutrals,undefined,Territori Selvaggi,The Egyptian Pantheon,"1037",1423.5,622.5,-7.44,19.31,"64",,port,,,plaza,,,./0.png
2.74602356464623,-3.98660060024657,"120",Farve,,,Neutrals,undefined,Aasimar,No religion,"1475",1023,540.5,-4.02,2.63,"81",,port,citadel,,plaza,,,./0.png
18.33,-3.02,"121",Wildewell,,,Neutrals,undefined,Territori Selvaggi,The Egyptian Pantheon,"482",1399.89,516.55,-3.02,18.33,"121",,,citadel,,,,,./0.png
23.45,15.63,"122",Yueghedreth,Draunamar,Draunamar Margrave,Dranzandyndor,Empire of Dranzandyndor,Elf,The Egyptian Pantheon,"1392",1522.71,68.85,15.63,23.45,"4",,,citadel,,,,,./0.png
-21.6651368734827,14.9669338035668,"123",Menesta,,,Neutrals,undefined,Bugbear,No religion,"8302",440,84.5,14.98,-21.67,"4",,port,,walls,plaza,temple,,./0.png
23.3793215332986,14.8154767871534,"124",Draunamar,Draunamar,Draunamar Margrave,Dranzandyndor,Empire of Dranzandyndor,Elf,The Egyptian Pantheon,"3476",1522,88,14.83,23.42,"4",,port,,walls,plaza,,,./0.png
-7.51,14.26,"125",Hofjorda,,,Neutrals,undefined,Dragonborn,The Norse Pantheon,"700",779.74,101.82,14.26,-7.51,"4",,,,walls,,,,./0.png
-26.1858344623296,12.9373384257873,"126",Stamstad,,,Neutrals,undefined,Hobgoblin,No religion,"5234",332,134.5,12.9,-26.17,"4",,port,,walls,,temple,shanty town,./0.png
3.40269409163998,12.5812628018049,"127",Enesvik,,,Neutrals,undefined,Dragonborn,The Norse Pantheon,"6625",1041,143,12.54,3.38,"4",,port,,walls,,temple,,./0.png
26.3770644117558,13.0208270991459,"128",Ormluven,Ryveririan,Ryveririan County,Dranzandyndor,Empire of Dranzandyndor,Elf (Mark of Shadow),The Egyptian Pantheon,"4836",1593,131,13.04,26.38,"4",,port,citadel,walls,plaza,,shanty town,./0.png
-17.37,12.05,"129",Epsacagusai,,,Neutrals,undefined,Minotaur,The Norse Pantheon,"1879",543.15,154.8,12.05,-17.37,"4",,,citadel,,plaza,,,./0.png
3.91397301866082,11.3974362282842,"130",Fonnesherdon,,,Neutrals,undefined,Verdan,The Norse Pantheon,"1132",1053,170.5,11.4,3.88,"4",,port,citadel,walls,plaza,,,./0.png
27.7011091418146,9.48468931428646,"131",Ulalle,,,Neutrals,undefined,Elf,The Egyptian Pantheon,"604",1625,215.5,9.52,27.71,"4",,port,,,plaza,,,./0.png
-38.52,8.37,"132",Raymouth,,,Neutrals,undefined,Territori Selvaggi,No religion,"2114",35.4,243.2,8.37,-38.52,"4",,,citadel,walls,plaza,,,./0.png
32.2,2.69,"133",Chaultahetha,,,Neutrals,undefined,Elf,The Egyptian Pantheon,"2208",1732.87,379.35,2.69,32.2,"4",,,,walls,,,,./0.png
32.14,-1.94,"134",Nytheasle,,,Neutrals,undefined,Elf,The Egyptian Pantheon,"432",1731.4,490.67,-1.94,32.14,"4",,,,walls,,,,./0.png
-3.15,-4.36,"135",Irongroney,,,Neutrals,undefined,Territori Selvaggi,The Norse Pantheon,"1886",884.4,548.6,-4.36,-3.15,"9",,,,,,,,./0.png
7.02,-6.52,"136",Bearme,,,Neutrals,undefined,Territori Selvaggi,No religion,"962",1128.53,600.47,-6.52,7.02,"9",,,,walls,,,,./0.png
33.1458907648443,-8.17173794424829,"137",Unyrandela,,,Neutrals,undefined,Elf,The Egyptian Pantheon,"986",1756,640,-8.17,33.17,"4",,port,citadel,,plaza,,,./0.png
23.38,-10.57,"138",Pondcallder,,,Neutrals,undefined,Territori Selvaggi,The Egyptian Pantheon,"1894",1521.1,697.79,-10.57,23.38,"64",,,,,,,,./0.png
-36.3627112766205,-11.0203429361075,"139",Monsacinaci,,,Neutrals,undefined,Human,Greek Deities,"7499",85,709,-11.04,-36.46,"4",,port,citadel,walls,plaza,,,./0.png
8.72295628303639,-11.4392134597101,"140",Bayankhaan,,,Neutrals,undefined,Gith,No religion,"644",1170,719.5,-11.48,8.75,"9",,port,citadel,,,,,./0.png
-17.86,-11.83,"141",Shuan,,,Neutrals,undefined,Tortle,Greek Deities,"522",531.43,727.81,-11.83,-17.86,"25",,,citadel,,,,,./0.png
36.71,-14.81,"142",Enorgondhel,Kadinelu,Kadinelu Territory,Dranzandyndor,Empire of Dranzandyndor,Elf,The Egyptian Pantheon,"1137",1841.05,799.39,-14.81,36.71,"4",,,,walls,plaza,,,./0.png
36.68,-15.56,"143",Drethenthet,Gualssad,Gualssad County,Dranzandyndor,Empire of Dranzandyndor,Elf,The Egyptian Pantheon,"420",1840.2,817.45,-15.56,36.68,"4",,,,,,,,./0.png
-35.51,-19.27,"144",Torso,,,Neutrals,undefined,Human,Greek Deities,"411",107.8,906.6,-19.27,-35.51,"4",,,citadel,,plaza,,,./0.png
-34.5908960975657,-21.7711151824383,"145",Nettaquitoli,Nettaquitoli,Nettaquitoli Tribe,Fonticalia,Fonticalian Empire,Human,Greek Deities,"918",128,965.5,-21.73,-34.67,"4",,port,citadel,,,,,./0.png
25.92,-23.21,"146",Mudcall,,,Neutrals,undefined,Territori Selvaggi,The Egyptian Pantheon,"3893",1582.15,1001.05,-23.21,25.92,"4",,,,,,,,./0.png
28.124439530447,-23.6355171595125,"147",Thorncairn,,,Neutrals,undefined,Territori Selvaggi,The Egyptian Pantheon,"690",1634.5,1012,-23.67,28.1,"4",,port,citadel,,,,,./0.png
3.52,-10.7,"148",Casca,Torro,Torro County,Fonticalia,Fonticalian Empire,Human,Greek Deities,"2252",1044.5,700.76,-10.7,3.52,"9",,,citadel,,,,,./0.png
-2.94012595379839,-11.5847834542841,"149",Fonzatafon,Fonzatafon,Fonzatafon County,Fonticalia,Fonticalian Empire,Human,Greek Deities,"6961",890,722.5,-11.6,-2.92,"9",,port,citadel,walls,plaza,temple,shanty town,./0.png
-38.5797993802545,-13.419393532959,"150",Citrori,,,Neutrals,undefined,Human,Greek Deities,"7518",33,766.5,-13.44,-38.62,"9",,port,,walls,plaza,temple,,./0.png
6.87,-15.01,"151",Briceneld,,,Neutrals,undefined,Territori Selvaggi,Greek Deities,"508",1124.96,804.31,-15.01,6.87,"16",,,,walls,,,,./0.png
14.42,-5.92,"152",Pearlley,,,Neutrals,undefined,Territori Selvaggi,No religion,"3522",1306.1,586,-5.92,14.42,"25",,,,walls,,,,./0.png
-15.65,-7.05,"153",Deerchpost,,,Neutrals,undefined,Territori Selvaggi,The Norse Pantheon,"430",584.33,613.13,-7.05,-15.65,"25",,,,,,,,./0.png
-11.74,-7.6,"154",Pudrock,,,Neutrals,undefined,Territori Selvaggi,The Norse Pantheon,"457",678.2,626.3,-7.6,-11.74,"25",,,,walls,plaza,,,./0.png
-4.37,-8.13,"155",Dawnhelmer,,,Neutrals,undefined,Territori Selvaggi,The Norse Pantheon,"2778",855.21,639.22,-8.13,-4.37,"25",,,citadel,walls,plaza,,,./0.png
19.3203091723406,-11.0945550902041,"156",Dradowfalls,,,Neutrals,undefined,Territori Selvaggi,The Egyptian Pantheon,"721",1423,709.5,-11.06,19.29,"25",,port,citadel,walls,plaza,,,./0.png
-15.3,-12.98,"157",Dewgmeameda,,,Neutrals,undefined,Territori Selvaggi,Greek Deities,"462",592.79,755.43,-12.98,-15.3,"25",,,citadel,,plaza,,,./0.png
-4.68,-1.42,"158",Oxbrook,,,Neutrals,undefined,Territori Selvaggi,The Norse Pantheon,"2638",847.7,478.1,-1.42,-4.68,"36",,,citadel,walls,plaza,,,./0.png
8.0,-5.6,"159",Dirtstide,,,Neutrals,undefined,Territori Selvaggi,No religion,"1564",1151.9,578.3,-5.6,8,"36",,,,,,,,./0.png
-11.68,-9.65,"160",Mosstar,,,Neutrals,undefined,Territori Selvaggi,Greek Deities,"501",679.7,675.5,-9.65,-11.68,"36",,,,,,,,./0.png
2.4,-2.72,"161",Priniola,,,Neutrals,undefined,Aasimar,No religion,"2453",1017.54,509.35,-2.72,2.4,"64",,,,walls,plaza,,,./0.png
-22.62,-12.97,"162",Grasspell,,,Neutrals,undefined,Territori Selvaggi,Greek Deities,"444",417.1,755.3,-12.97,-22.62,"64",,,,,plaza,,,./0.png
19.76,-3.64,"163",Howan,,,Neutrals,undefined,Thri-kreen,The Egyptian Pantheon,"6494",1434.2,531.4,-3.64,19.76,"81",,,citadel,walls,,,,./0.png
13.667341049718,-11.3471618454942,"164",Kotan,,,Neutrals,undefined,Aarakocra,No religion,"3929",1287.5,717,-11.37,13.65,"81",,port,,walls,plaza,,,./0.png
-8.16173593073488,-7.33042900501931,"165",Hvanderoy,,,Neutrals,undefined,Dwarf,The Norse Pantheon,"610",763.5,620.5,-7.35,-8.19,"144",,port,citadel,,,,,./0.png
-31.7,15.64,"166",Halasvany,,,Neutrals,undefined,Half-Orc,No religion,"2575",199.17,68.53,15.64,-31.7,"4",,,,walls,plaza,,,./0.png
5.19056478480218,15.4006110790684,"167",Aljediya,,,Neutrals,undefined,Yuan-ti,No religion,"3040",1084.5,74,15.42,5.19,"4",,port,,,plaza,,,./0.png
5.39,14.49,"168",Haham,,,Neutrals,undefined,Yuan-ti,No religion,"405",1089.32,96.15,14.49,5.39,"4",,,citadel,,,,,./0.png
3.12,13.95,"169",Ulvsbernes,,,Neutrals,undefined,Dragonborn,The Norse Pantheon,"3932",1034.88,109.26,13.95,3.12,"4",,,,,plaza,,,./0.png
-33.52,13.49,"170",Nyerdisaszi,,,Neutrals,undefined,Half-Orc,No religion,"1773",155.57,120.2,13.49,-33.52,"4",,,citadel,,,,,./0.png
7.28,13.35,"171",Quladha,,,Neutrals,undefined,Yuan-ti,No religion,"390",1134.62,123.49,13.35,7.28,"4",,,,walls,plaza,,,./0.png
-26.85,12.2,"172",Stolafsfta,,,Neutrals,undefined,Hobgoblin,No religion,"3467",315.5,151.18,12.2,-26.85,"4",,,,,plaza,,,./0.png
-31.93,10.9,"173",Enykalcaros,,,Neutrals,undefined,Half-Orc,No religion,"1184",193.69,182.5,10.9,-31.93,"4",,,,,,,,./0.png
-29.28,10.82,"174",Manoszalcaho,,,Neutrals,undefined,Orc,No religion,"3016",257.22,184.37,10.82,-29.28,"4",,,,,,,,./0.png
-35.95,10.31,"175",Holdyard,,,Neutrals,undefined,Territori Selvaggi,No religion,"2898",97.08,196.49,10.31,-35.95,"4",,,citadel,walls,,,,./0.png
-32.72,10.01,"176",Puszki,,,Neutrals,undefined,Half-Orc,No religion,"2539",174.7,203.66,10.01,-32.72,"4",,,,walls,plaza,,,./0.png
-7.60246885599286,10.2000516650728,"177",Pemiro,,,Neutrals,undefined,Giff,The Norse Pantheon,"5205",778.5,198.5,10.23,-7.56,"4",,port,citadel,walls,plaza,temple,shanty town,./0.png
-28.82,7.99,"178",Delelekbaha,,,Neutrals,undefined,Orc,No religion,"397",268.31,252.26,7.99,-28.82,"4",,,citadel,walls,plaza,,,./0.png
-26.8844277206037,7.13523241656684,"179",Crystrand,,,Neutrals,undefined,Territori Selvaggi,The Norse Pantheon,"574",314,272.5,7.15,-26.92,"4",,port,,,plaza,,,./0.png
30.03,5.07,"180",Drethenana,,,Neutrals,undefined,Elf,The Egyptian Pantheon,"1228",1680.8,322.2,5.07,30.03,"4",,,,,,,,./0.png
-36.76,4.41,"181",Snowstrand,,,Neutrals,undefined,Territori Selvaggi,The Norse Pantheon,"4042",77.69,338.23,4.41,-36.76,"4",,,citadel,walls,,,,./0.png
31.7599431081713,2.81273122964603,"182",Mathil,,,Neutrals,undefined,Elf,The Egyptian Pantheon,"583",1722.5,376,2.83,31.77,"4",,port,,,,,,./0.png
-29.96,-1.16,"183",Maberfik,,,Neutrals,undefined,Vedalken,The Norse Pantheon,"3381",240.84,471.93,-1.16,-29.96,"25",,,citadel,walls,plaza,,,./0.png
17.27,-4.07,"184",Snowfalls,,,Neutrals,undefined,Territori Selvaggi,The Egyptian Pantheon,"791",1374.38,541.77,-4.07,17.27,"9",,,,,plaza,,,./0.png
3.78,-6.6,"185",Ormigne,,,Neutrals,undefined,Simic,No religion,"3659",1050.7,602.5,-6.6,3.78,"9",,,,walls,plaza,,,./0.png
31.9,-8.28,"186",Onenanas,,,Neutrals,undefined,Elf,The Egyptian Pantheon,"430",1725.69,642.62,-8.28,31.9,"4",,,citadel,walls,,,,./0.png
10.09,-10.22,"187",Tugat,,,Neutrals,undefined,Gith,No religion,"942",1202.08,689.27,-10.22,10.09,"9",,,,,,,,./0.png
24.48,-10.36,"188",Dralefair,,,Neutrals,undefined,Territori Selvaggi,The Egyptian Pantheon,"2945",1547.49,692.73,-10.36,24.48,"64",,,citadel,walls,plaza,,,./0.png
32.58,-10.56,"189",Mythnor,,,Neutrals,undefined,Elf,The Egyptian Pantheon,"2533",1741.95,697.55,-10.56,32.58,"4",,,citadel,walls,plaza,,,./0.png
-36.17,-12.28,"190",Getaralice,,,Neutrals,undefined,Human,Greek Deities,"2017",91.8,738.8,-12.28,-36.17,"4",,,citadel,,,,,./0.png
25.67,-16.8,"191",Storest,,,Neutrals,undefined,Territori Selvaggi,The Egyptian Pantheon,"5004",1576.02,847.22,-16.8,25.67,"4",,,citadel,,plaza,,,./0.png
-37.15,-17.21,"192",Frastaqui,,,Neutrals,undefined,Human,Greek Deities,"429",68.5,857,-17.21,-37.15,"4",,,citadel,,,,,./0.png
27.61,-17.7,"193",Obethrion,Obethrion,Obethrion Territory,Dranzandyndor,Empire of Dranzandyndor,Elf (Wood),The Egyptian Pantheon,"711",1622.54,868.71,-17.7,27.61,"4",,,citadel,,,,,./0.png
23.24,-18.46,"194",Dawnside,,,Neutrals,undefined,Territori Selvaggi,The Egyptian Pantheon,"401",1517.83,887.01,-18.46,23.24,"4",,,citadel,,,,,./0.png
25.67,-18.78,"195",Memyrandee,,,Neutrals,undefined,Elf,The Egyptian Pantheon,"3237",1576.05,894.68,-18.78,25.67,"4",,,citadel,,plaza,,,./0.png
21.85,-19.68,"196",Tamizmour,,,Neutrals,undefined,Tabaxi,The Egyptian Pantheon,"401",1484.31,916.34,-19.68,21.85,"4",,,,,plaza,,,./0.png
31.53,-21.07,"197",Dobeth,Af Ilaurtha,Af Ilaurtha County,Dranzandyndor,Empire of Dranzandyndor,Elf,The Egyptian Pantheon,"1318",1716.72,949.67,-21.07,31.53,"4",,,citadel,walls,,,,./0.png
25.13,-21.66,"198",Fayvade,,,Neutrals,undefined,Territori Selvaggi,The Egyptian Pantheon,"410",1563.02,963.94,-21.66,25.13,"4",,,,,,,,./0.png
-33.94,-22.19,"199",Tofi,Nettaquitoli,Nettaquitoli Tribe,Fonticalia,Fonticalian Empire,Human,Greek Deities,"393",145.42,976.45,-22.19,-33.94,"4",,,citadel,walls,,,,./0.png
22.01,-22.08,"200",Loststalspi,,,Neutrals,undefined,Territori Selvaggi,The Egyptian Pantheon,"1489",1488.17,973.87,-22.08,22.01,"4",,,,,,,,./0.png
21.08,-22.51,"201",Fayhost,,,Neutrals,undefined,Territori Selvaggi,The Egyptian Pantheon,"393",1466.02,984.35,-22.51,21.08,"4",,,,,,,,./0.png
32.0127282580626,-23.4696101804025,"202",Enolondralye,Chaunlera,Chaunlera Margrave,Dranzandyndor,Empire of Dranzandyndor,Elf,The Egyptian Pantheon,"3770",1728.5,1007.5,-23.48,32.02,"4",,port,,walls,plaza,,,./0.png
-34.5,-9.96,"203",Casconeta,Casconeta,Casconeta County,Fonticalia,Fonticalian Empire,Human,Greek Deities,"3435",132.06,683.09,-9.96,-34.5,"9",,,citadel,walls,plaza,,,./0.png
-19.23,-9.81,"204",Contevicoro,,,Neutrals,undefined,Genasi,The Norse Pantheon,"5145",498.42,679.38,-9.81,-19.23,"25",,,,walls,,temple,shanty town,./0.png
-3.03,-13.01,"205",Bellegio,Fonzatafon,Fonzatafon County,Fonticalia,Fonticalian Empire,Human,Greek Deities,"2565",887.17,756.34,-13.01,-3.03,"9",,,citadel,walls,plaza,,,./0.png
0.531076196226563,-14.3884330066426,"206",Teparcevinia,Vilia,Vilia County,Fonticalia,Fonticalian Empire,Human,Greek Deities,"7831",972,788,-14.33,0.5,"9",,port,citadel,walls,plaza,,,./0.png
-0.97,-14.9,"207",Gorroniano,Gorroniano,Gorroniano County,Fonticalia,Fonticalian Empire,Human,Greek Deities,"2623",936.6,801.7,-14.9,-0.97,"9",,,citadel,walls,plaza,,,./0.png
0.1,-14.72,"208",Gelano,Vilia,Vilia County,Fonticalia,Fonticalian Empire,Human,Greek Deities,"471",962.41,797.38,-14.72,0.1,"9",,,citadel,,plaza,,,./0.png
1.55,-16.21,"209",Santiglia,Vilia,Vilia County,Fonticalia,Fonticalian Empire,Human,Greek Deities,"903",997.13,832.95,-16.21,1.55,"9",,,citadel,walls,,,,./0.png
-11.4270707109824,12.321520262467,"210",Swampmawbay,,,Neutrals,undefined,Territori Selvaggi,The Norse Pantheon,"2288",685.5,146.5,12.4,-11.44,"16",,port,,,,,,./0.png
5.17,10.79,"211",Mooseguard,,,Neutrals,undefined,Territori Selvaggi,No religion,"2797",1084.1,185.16,10.79,5.17,"16",,,,walls,,,,./0.png
18.96,2.38,"212",Illanarionde,Gerionde,Gerionde Margrave,Dranzandyndor,Empire of Dranzandyndor,Elf (Eladrin),The Egyptian Pantheon,"398",1415.13,386.87,2.38,18.96,"49",,,,,plaza,,,./0.png
-14.49,-3.28,"213",Salmarasto,,,Neutrals,undefined,Dwarf,The Norse Pantheon,"414",612.26,522.77,-3.28,-14.49,"64",,,citadel,,,,,./0.png
15.11,-3.27,"214",Smootfall,,,Neutrals,undefined,Territori Selvaggi,The Egyptian Pantheon,"1836",1322.67,522.57,-3.27,15.11,"25",,,citadel,,,,,./0.png
17.19,-4.65,"215",Grirongro,,,Neutrals,undefined,Territori Selvaggi,The Egyptian Pantheon,"5385",1372.6,555.7,-4.65,17.19,"16",,,citadel,walls,plaza,,shanty town,./0.png
-23.71,-5.43,"216",Thorngel,,,Neutrals,undefined,Territori Selvaggi,The Norse Pantheon,"3802",391,574.4,-5.43,-23.71,"25",,,,,plaza,,,./0.png
-38.09,-14.05,"217",Santamatrina,,,Neutrals,undefined,Human,Greek Deities,"1496",45.72,781.3,-14.05,-38.09,"16",,,citadel,,,,,./0.png
4.73,-14.6,"218",Ternone,Gorsa,Gorsa County,Fonticalia,Fonticalian Empire,Human,Greek Deities,"395",1073.46,794.35,-14.6,4.73,"16",,,citadel,,,,,./0.png
14.97,-15.17,"219",Smalld,,,Neutrals,undefined,Territori Selvaggi,No religion,"399",1319.3,808.1,-15.17,14.97,"16",,,,,,,,./0.png
-3.65415034507557,-23.4952098056738,"220",Auliari,Naza,Naza County,Fonticalia,Fonticalian Empire,Human,Greek Deities,"1018",872.5,1007,-23.46,-3.65,"16",,port,,,,,,./0.png
13.13,15.11,"221",Lostleverc,,,Neutrals,undefined,Territori Selvaggi,The Egyptian Pantheon,"4814",1275.12,81.47,15.11,13.13,"25",,,,walls,plaza,temple,shanty town,./0.png
9.03,12.21,"222",Elderwood,,,Neutrals,undefined,Territori Selvaggi,No religion,"1149",1176.84,150.87,12.21,9.03,"25",,,citadel,,plaza,,,./0.png
7.08,10.39,"223",Dradowvault,,,Neutrals,undefined,Territori Selvaggi,No religion,"415",1129.97,194.56,10.39,7.08,"25",,,citadel,,,,,./0.png
-19.42,7.58,"224",Clifgadeha,,,Neutrals,undefined,Territori Selvaggi,The Norse Pantheon,"4789",493.87,261.99,7.58,-19.42,"25",,,,walls,,,,./0.png
18.75,-4.34,"225",Amplios,,,Neutrals,undefined,Kender,The Egyptian Pantheon,"3907",1409.9,548.2,-4.34,18.75,"25",,,,,plaza,,,./0.png
26.21,-4.62,"226",Teras,,,Neutrals,undefined,Elf,The Egyptian Pantheon,"407",1589.1,554.89,-4.62,26.21,"25",,,citadel,walls,,,,./0.png
12.02,-11.34,"227",Goldermire,,,Neutrals,undefined,Territori Selvaggi,No religion,"805",1248.39,716.07,-11.34,12.02,"25",,,citadel,,plaza,,,./0.png
20.36,-13.65,"228",Claywagon,,,Neutrals,undefined,Territori Selvaggi,The Egyptian Pantheon,"4143",1448.71,771.51,-13.65,20.36,"25",,,,walls,plaza,,,./0.png
14.21,-16.73,"229",Salthall,,,Neutrals,undefined,Territori Selvaggi,Greek Deities,"402",1301.15,845.48,-16.73,14.21,"25",,,citadel,,,,,./0.png
16.19,-16.75,"230",Oxbreak,,,Neutrals,undefined,Territori Selvaggi,No religion,"403",1348.52,845.99,-16.75,16.19,"25",,,citadel,,,,,./0.png
21.85,-16.52,"231",Snowfalls,,,Neutrals,undefined,Territori Selvaggi,The Egyptian Pantheon,"3967",1484.5,840.37,-16.52,21.85,"25",,,citadel,walls,plaza,,,./0.png
-13.121908619622,-24.7924953455536,"232",Anteferci,Anteferci,Anteferci Dependency,Fonticalia,Fonticalian Empire,Human,Greek Deities,"1697",645.5,1039.5,-24.81,-13.1,"25",,port,citadel,,,,,./0.png
-16.04,9.08,"233",Dimedate,,,Neutrals,undefined,Territori Selvaggi,The Norse Pantheon,"397",575.13,226.2,9.08,-16.04,"36",,,citadel,,,,,./0.png
-5.62,3.8,"234",Laudar,,,Neutrals,undefined,Dwarf,The Norse Pantheon,"400",825.02,352.84,3.8,-5.62,"36",,,citadel,walls,,,,./0.png
-11.38,-1.59,"235",Botstad,,,Neutrals,undefined,Dwarf,The Norse Pantheon,"6668",686.87,482.2,-1.59,-11.38,"64",,,,walls,plaza,temple,,./0.png
27.69,-6.65,"236",Reshal-Did,,,Neutrals,undefined,Elf,The Egyptian Pantheon,"400",1624.52,603.63,-6.65,27.69,"36",,,citadel,,,,,./0.png
-32.39,-9.65,"237",Fayvagon,,,Neutrals,undefined,Territori Selvaggi,Greek Deities,"2284",182.53,675.55,-9.65,-32.39,"36",,,,,,,,./0.png
10.7,-13.88,"238",Clayvaleda,,,Neutrals,undefined,Territori Selvaggi,Greek Deities,"2625",1216.8,777.2,-13.88,10.7,"36",,,citadel,,,,,./0.png
25.04,-15.17,"239",Deadtown,,,Neutrals,undefined,Territori Selvaggi,The Egyptian Pantheon,"4389",1560.87,808.16,-15.17,25.04,"36",,,,walls,,,,./0.png
11.22,-16,"240",Pearlcairn,,,Neutrals,undefined,Territori Selvaggi,Greek Deities,"398",1229.39,828.11,-16,11.22,"36",,,citadel,,,,,./0.png
19.56,-16.26,"241",Bearguard,,,Neutrals,undefined,Territori Selvaggi,The Egyptian Pantheon,"2037",1429.56,834.19,-16.26,19.56,"36",,,,,,,,./0.png
-27.91,-21.62,"242",Claymouth,,,Neutrals,undefined,Territori Selvaggi,Greek Deities,"1355",290.13,962.92,-21.62,-27.91,"36",,,citadel,,,,,./0.png
-22.57,-22.42,"243",Fonte,,,Neutrals,undefined,Human,Greek Deities,"4070",418.43,982.19,-22.42,-22.57,"36",,,citadel,walls,plaza,,,./0.png
-17.04,-23.58,"244",Cante,Fusora,Fusora County,Fonticalia,Fonticalian Empire,Human,Greek Deities,"1702",551.15,1009.85,-23.58,-17.04,"36",,,,,,,,./0.png
15.05,13.24,"245",Mosstalspi,,,Neutrals,undefined,Territori Selvaggi,The Egyptian Pantheon,"402",1321.09,126.34,13.24,15.05,"49",,,citadel,,,,,./0.png
16.01,10.11,"246",Moonband,,,Neutrals,undefined,Territori Selvaggi,The Egyptian Pantheon,"2924",1344.31,201.43,10.11,16.01,"81",,,,,plaza,,,./0.png
-12.84,8.15,"247",Shalever,,,Neutrals,undefined,Territori Selvaggi,The Norse Pantheon,"411",651.86,248.46,8.15,-12.84,"49",,,citadel,,,,,./0.png
-22.02,4.86,"248",Skjerna,,,Neutrals,undefined,Dwarf,The Norse Pantheon,"2108",431.61,327.4,4.86,-22.02,"100",,,,walls,plaza,,,./0.png
12.06,-2.07,"249",Lastle,,,Neutrals,undefined,Territori Selvaggi,The Egyptian Pantheon,"417",1249.5,493.64,-2.07,12.06,"64",,,citadel,walls,,,,./0.png
13.8145165957026,-3.76878079218926,"250",Crowgrasp,,,Neutrals,undefined,Territori Selvaggi,The Egyptian Pantheon,"665",1291,535,-3.79,13.79,"49",,port,,,,,,./0.png
23.86,-4.49,"251",Bayfrostva,,,Neutrals,undefined,Territori Selvaggi,The Egyptian Pantheon,"2453",1532.59,551.84,-4.49,23.86,"49",,,citadel,,plaza,,,./0.png
-9.95,-6.29,"252",Bolheite,,,Neutrals,undefined,Dwarf,The Norse Pantheon,"1124",721.29,595.07,-6.29,-9.95,"49",,,citadel,walls,plaza,,,./0.png
-24.59,-12.92,"253",Swanrun,,,Neutrals,undefined,Territori Selvaggi,Greek Deities,"1742",369.75,754.13,-12.92,-24.59,"49",,,citadel,,,,,./0.png
-20.11,-15.08,"254",Ronachpost,,,Neutrals,undefined,Territori Selvaggi,Greek Deities,"3161",477.27,806.04,-15.08,-20.11,"49",,,,,plaza,,,./0.png
-24.64,-21.52,"255",Vallaliata,,,Neutrals,undefined,Human,Greek Deities,"2601",368.58,960.56,-21.52,-24.64,"49",,,citadel,walls,,,,./0.png
12.86,6.13,"256",Curowden,,,Neutrals,undefined,Territori Selvaggi,The Egyptian Pantheon,"414",1268.54,296.8,6.13,12.86,"81",,,,,,,,./0.png
7.45,2.14,"257",Moongulf,,,Neutrals,undefined,Territori Selvaggi,The Egyptian Pantheon,"3890",1138.83,392.53,2.14,7.45,"64",,,,walls,plaza,,,./0.png
22.3,1.46,"258",Chyuethinnoc,Gerionde,Gerionde Margrave,Dranzandyndor,Empire of Dranzandyndor,Half-Elf,The Egyptian Pantheon,"400",1495.13,408.91,1.46,22.3,"64",,,citadel,,,,,./0.png
-21.44,-2.61,"259",Gofors,,,Neutrals,undefined,Dwarf,The Norse Pantheon,"2797",445.34,506.65,-2.61,-21.44,"100",,,citadel,walls,plaza,,,./0.png
10.19,-2.88,"260",Wilverpeak,,,Neutrals,undefined,Territori Selvaggi,The Egyptian Pantheon,"1859",1204.49,513.22,-2.88,10.19,"64",,,citadel,,,,,./0.png
4.41,-7.72,"261",Boismonains,,,Neutrals,undefined,Simic,No religion,"2269",1065.9,629.3,-7.72,4.41,"64",,,citadel,walls,,,,./0.png
9.16,-13.89,"262",Greeneld,,,Neutrals,undefined,Territori Selvaggi,Greek Deities,"2182",1179.9,777.3,-13.89,9.16,"64",,,citadel,,plaza,,,./0.png
3.24,-18.37,"263",Crowgcoast,,,Neutrals,undefined,Territori Selvaggi,Greek Deities,"2434",1037.8,884.88,-18.37,3.24,"64",,,citadel,walls,,,,./0.png
-18.71,5.0,"264",Fayvaterse,,,Neutrals,undefined,Territori Selvaggi,The Norse Pantheon,"434",511.01,324.12,5,-18.71,"81",,,,walls,,,,./0.png
11.11,0.16,"265",Wilderne,,,Neutrals,undefined,Territori Selvaggi,The Egyptian Pantheon,"3497",1226.61,440.15,0.16,11.11,"100",,,,,plaza,,,./0.png
-6.69,-1.96,"266",Thorstad,,,Neutrals,undefined,Dwarf,The Norse Pantheon,"2804",799.33,491.12,-1.96,-6.69,"100",,,,,plaza,,,./0.png
-12.49,-18.61,"267",Draken,,,Neutrals,undefined,Territori Selvaggi,Greek Deities,"408",660.24,890.71,-18.61,-12.49,"100",,,,,,,,./0.png
-8.86,7.95,"268",Derencs,,,Neutrals,undefined,Gnome,The Norse Pantheon,"826",747.31,253.23,7.95,-8.86,"121",,,,,,,,./0.png
-6.99467844972639,-7.973363147721,"269",Zalbarah,,,Neutrals,undefined,Lizardfolk,Greek Deities,"602",792.5,634,-7.92,-6.98,"121",,port,,,plaza,,,./0.png
19.2296847149343,-10.7948521601989,"270",Ghostfall,,,Neutrals,undefined,Territori Selvaggi,The Egyptian Pantheon,"2213",1420.5,703.5,-10.81,19.19,"121",,port,,,,,,./0.png
18.44,16.95,"271",Freyswind,,,Neutrals,undefined,Territori Selvaggi,The Egyptian Pantheon,"445",1402.59,37.23,16.95,18.44,"4",,,citadel,,,,,./0.png
21.65,16.98,"272",Guallesiral,Draunamar,Draunamar Margrave,Dranzandyndor,Empire of Dranzandyndor,Elf,The Egyptian Pantheon,"403",1479.6,36.6,16.98,21.65,"4",,,citadel,,,,,./0.png
23.31,16.65,"273",Sylran,Draunamar,Draunamar Margrave,Dranzandyndor,Empire of Dranzandyndor,Elf,The Egyptian Pantheon,"395",1519.4,44.4,16.65,23.31,"4",,,citadel,walls,plaza,,,./0.png
-29.83,16.66,"274",Giwutongbi,,,Neutrals,undefined,Goblin,No religion,"1501",243.98,44.12,16.66,-29.83,"4",,,,,,,,./0.png
-27.66,16.22,"275",Igbagbatab,,,Neutrals,undefined,Goblin,No religion,"401",296.17,54.74,16.22,-27.66,"4",,,citadel,,plaza,,,./0.png
-4.96,16.01,"276",Holhustad,,,Neutrals,undefined,Dragonborn,The Norse Pantheon,"493",840.84,59.67,16.01,-4.96,"4",,,citadel,,plaza,,,./0.png
3.54184188057098,16.0592439466752,"277",Ostadved,,,Neutrals,undefined,Dragonborn,The Norse Pantheon,"4100",1045,58,16.08,3.54,"4",,port,citadel,,plaza,,,./0.png
25.29,15.7,"278",Thanassadrin,Wlarien,Wlarien Earldom,Dranzandyndor,Empire of Dranzandyndor,Elf (Drow),The Egyptian Pantheon,"788",1567,67.2,15.7,25.29,"4",,,,walls,,,,./0.png
-1.83,15.26,"279",Hofrost,,,Neutrals,undefined,Dragonborn,The Norse Pantheon,"4773",916.04,77.76,15.26,-1.83,"4",,,citadel,walls,,,,./0.png
24.6,15.45,"280",Aymlar,Wlarien,Wlarien Earldom,Dranzandyndor,Empire of Dranzandyndor,Elf (Drow),The Egyptian Pantheon,"4379",1550.41,73.11,15.45,24.6,"4",,,,,,,,./0.png
8.4,13.21,"281",Aqah,,,Neutrals,undefined,Yuan-ti,No religion,"415",1161.55,127.03,13.21,8.4,"4",,,,,,,,./0.png
-16.08,12.68,"282",Neakynthi,,,Neutrals,undefined,Minotaur,The Norse Pantheon,"438",573.96,139.61,12.68,-16.08,"4",,,citadel,,,,,./0.png
-36.9171616971302,12.1866539439646,"283",Clifront,,,Neutrals,undefined,Territori Selvaggi,No religion,"699",73,151,12.21,-36.96,"4",,port,citadel,,,,,./0.png
-32.94,11.38,"284",Szentmik,,,Neutrals,undefined,Half-Orc,No religion,"3163",169.35,170.86,11.38,-32.94,"4",,,,walls,,,,./0.png
-16.42,11.76,"285",Ligosthemi,,,Neutrals,undefined,Minotaur,The Norse Pantheon,"1177",566.04,161.74,11.76,-16.42,"4",,,citadel,walls,,,,./0.png
-0.32,11.45,"286",Hafsostad,,,Neutrals,undefined,Dragonborn,The Norse Pantheon,"3821",952.27,169.11,11.45,-0.32,"4",,,,walls,,,,./0.png
-30.79,9.64,"287",Polgarnyamos,,,Neutrals,undefined,Half-Orc,No religion,"837",220.93,212.74,9.64,-30.79,"4",,,,,plaza,,,./0.png
-1.21,9.71,"288",Hnifstur,,,Neutrals,undefined,Dragonborn,The Norse Pantheon,"2943",930.99,210.87,9.71,-1.21,"4",,,citadel,walls,,,,./0.png
0.87,9.57,"289",Skroyavik,,,Neutrals,undefined,Dragonborn,The Norse Pantheon,"2504",980.94,214.41,9.57,0.87,"4",,,,,plaza,,,./0.png
-25.79,9.26,"290",Falemeagon,,,Neutrals,undefined,Territori Selvaggi,The Norse Pantheon,"4579",341.11,221.66,9.26,-25.79,"4",,,citadel,,plaza,,,./0.png
-30.28,8.83,"291",Omagyarmatmik,,,Neutrals,undefined,Orc,No religion,"415",233.39,231.99,8.83,-30.28,"4",,,citadel,walls,,,,./0.png
-4.28,8.76,"292",Bridgere,,,Neutrals,undefined,Territori Selvaggi,The Norse Pantheon,"1658",857.38,233.88,8.76,-4.28,"4",,,citadel,,,,,./0.png
-0.71,8.66,"293",Grelahlid,,,Neutrals,undefined,Dragonborn,The Norse Pantheon,"4994",942.96,236.2,8.66,-0.71,"4",,,citadel,walls,plaza,,shanty town,./0.png
-0.48,8.09,"294",Lesetbover,,,Neutrals,undefined,Dragonborn,The Norse Pantheon,"2157",948.4,249.8,8.09,-0.48,"4",,,,,,,,./0.png
29.0949061609402,7.89287428783603,"295",Ithlindofe,,,Neutrals,undefined,Elf,The Egyptian Pantheon,"2888",1658.5,254.5,7.9,29.1,"4",,port,,walls,,,,./0.png
-26.41,7.34,"296",Purestice,,,Neutrals,undefined,Territori Selvaggi,The Norse Pantheon,"1352",326.19,267.96,7.34,-26.41,"4",,,,,plaza,,,./0.png
-38.23,6.05,"297",Shakengview,,,Neutrals,undefined,Territori Selvaggi,The Norse Pantheon,"760",42.44,298.83,6.05,-38.23,"4",,,,,,,,./0.png
30.14,4.25,"298",Thenilsarion,,,Neutrals,undefined,Elf,The Egyptian Pantheon,"1275",1683.27,342.03,4.25,30.14,"4",,,,walls,plaza,,,./0.png
-36.24,3.44,"299",Oxbrook,,,Neutrals,undefined,Territori Selvaggi,The Norse Pantheon,"3362",90.26,361.45,3.44,-36.24,"4",,,citadel,walls,,,,./0.png
0.39,2.87,"300",Eserin,,,Neutrals,undefined,Triton,No religion,"2795",969.26,375.19,2.87,0.39,"9",,,,,plaza,,,./0.png
32.73,2.05,"301",Evrazin,,,Neutrals,undefined,Elf,The Egyptian Pantheon,"3782",1745.55,394.86,2.05,32.73,"4",,,,,,,,./0.png
29.93,1.17,"302",Keathenthel,,,Neutrals,undefined,Elf,The Egyptian Pantheon,"1970",1678.26,415.83,1.17,29.93,"4",,,citadel,,,,,./0.png
-27.55,-3.26,"303",Silissat,,,Neutrals,undefined,Vedalken,The Norse Pantheon,"1575",298.68,522.15,-3.26,-27.55,"25",,,,,,,,./0.png
31.68,-3.88,"304",Himlar,,,Neutrals,undefined,Elf,The Egyptian Pantheon,"2111",1720.31,537.2,-3.88,31.68,"4",,,citadel,,,,,./0.png
-27.622802974944,-4.49288447843401,"305",Serminussat,,,Neutrals,undefined,Vedalken,Greek Deities,"1165",298,552,-4.5,-27.58,"25",,port,,,,,,./0.png
-13.15,-6.61,"306",Dawnhelm,,,Neutrals,undefined,Territori Selvaggi,The Norse Pantheon,"2059",644.48,602.6,-6.61,-13.15,"25",,,citadel,walls,,,,./0.png
7.87,-10.95,"307",Taishaat,,,Neutrals,undefined,Gith,No religion,"478",1148.9,706.9,-10.95,7.87,"9",,,,,,,,./0.png
3.55,-14.41,"308",Farri,Gorsa,Gorsa County,Fonticalia,Fonticalian Empire,Human,Greek Deities,"3642",1045.17,789.94,-14.41,3.55,"9",,,,walls,plaza,,,./0.png
12.17,-15.38,"309",Wilsewelle,,,Neutrals,undefined,Territori Selvaggi,Greek Deities,"485",1252.04,813.13,-15.38,12.17,"9",,,citadel,,,,,./0.png
23.76,-17.3,"310",Arwood,,,Neutrals,undefined,Territori Selvaggi,The Egyptian Pantheon,"4591",1530.25,859.18,-17.3,23.76,"4",,,citadel,walls,plaza,,,./0.png
10.02,-18.6,"311",Gloomhorn,,,Neutrals,undefined,Territori Selvaggi,Greek Deities,"1670",1200.44,890.42,-18.6,10.02,"9",,,,,,,,./0.png
17.64,-18.55,"312",Anipi,,,Neutrals,undefined,Firbolg,The Egyptian Pantheon,"4193",1383.3,889.1,-18.55,17.64,"4",,,citadel,,plaza,,,./0.png
22.28,-18.53,"313",Mondge,,,Neutrals,undefined,Territori Selvaggi,The Egyptian Pantheon,"4444",1494.8,888.76,-18.53,22.28,"4",,,citadel,,plaza,,,./0.png
37.13,-18.7,"314",Gualssad,Gualssad,Gualssad County,Dranzandyndor,Empire of Dranzandyndor,Elf,The Egyptian Pantheon,"1361",1851.04,892.8,-18.7,37.13,"4",,,citadel,,,,,./0.png
12.73,-19.01,"315",Ghostle,,,Neutrals,undefined,Territori Selvaggi,Greek Deities,"3058",1265.51,900.31,-19.01,12.73,"4",,,citadel,,plaza,,,./0.png
13.86,-19.18,"316",Maipani,,,Neutrals,undefined,Firbolg,No religion,"391",1292.7,904.4,-19.18,13.86,"4",,,citadel,,,,,./0.png
19.55,-18.85,"317",Dogrove,,,Neutrals,undefined,Territori Selvaggi,The Egyptian Pantheon,"1697",1429.31,896.37,-18.85,19.55,"4",,,citadel,,,,,./0.png
33.07,-18.76,"318",Orasad,Gualssad,Gualssad County,Dranzandyndor,Empire of Dranzandyndor,Elf,The Egyptian Pantheon,"829",1753.77,894.28,-18.76,33.07,"4",,,citadel,,,,,./0.png
14.8013955295058,-19.8856626424232,"319",Nahukuluhu,,,Neutrals,undefined,Firbolg,No religion,"4964",1315,921.5,-19.9,14.79,"4",,port,citadel,walls,plaza,temple,shanty town,./0.png
24.74,-19.69,"320",Steamer,,,Neutrals,undefined,Territori Selvaggi,The Egyptian Pantheon,"1737",1553.83,916.45,-19.69,24.74,"4",,,citadel,,plaza,,,./0.png
18.33,-20.46,"321",Clifrost,,,Neutrals,undefined,Territori Selvaggi,The Egyptian Pantheon,"3740",1399.85,935.06,-20.46,18.33,"4",,,,walls,,,,./0.png
19.33,-20.82,"322",Imeglenfall,,,Neutrals,undefined,Territori Selvaggi,The Egyptian Pantheon,"413",1423.82,943.62,-20.82,19.33,"4",,,citadel,walls,,,,./0.png
17.04,-21.27,"323",Anakaka,,,Neutrals,undefined,Firbolg,The Egyptian Pantheon,"5367",1369.08,954.48,-21.27,17.04,"4",,,,,plaza,temple,,./0.png
-30.47,-23.69,"324",Afergo,Nettaquitoli,Nettaquitoli Tribe,Fonticalia,Fonticalian Empire,Human,Greek Deities,"1354",228.72,1012.63,-23.69,-30.47,"4",,,citadel,,plaza,,,./0.png
-5.06560842971928,-25.1578474887981,"325",Naza,Naza,Naza County,Fonticalia,Fonticalian Empire,Human,Greek Deities,"7128",838.5,1049,-25.21,-5.06,"4",,port,,walls,,,,./0.png
-3.46,-25.23,"326",Fialatralla,Naza,Naza County,Fonticalia,Fonticalian Empire,Human,Greek Deities,"1769",876.9,1049.6,-25.23,-3.46,"4",,,citadel,,,,,./0.png
0.217636881929544,5.20500283165214,"327",Westhallmi,,,Neutrals,undefined,Territori Selvaggi,The Norse Pantheon,"6343",964,318.5,5.23,0.17,"9",,port,citadel,walls,,,,./0.png
-0.78,4.04,"328",Emouth,,,Neutrals,undefined,Territori Selvaggi,The Norse Pantheon,"414",941.38,347.09,4.04,-0.78,"9",,,,,,,,./0.png
19.63,3.61,"329",Hlurthyr,Gerionde,Gerionde Margrave,Dranzandyndor,Empire of Dranzandyndor,Elf (High),The Egyptian Pantheon,"462",1431.19,357.32,3.61,19.63,"49",,,citadel,,,,,./0.png
29.9,-1.51,"330",Vinseras,,,Neutrals,undefined,Elf,The Egyptian Pantheon,"4121",1677.7,480.2,-1.51,29.9,"9",,,,,plaza,,,./0.png
-27.227480538699,-4.09042625814126,"331",Kuusigssat,,,Neutrals,undefined,Vedalken,No religion,"911",306,543,-4.12,-27.25,"25",,port,citadel,,plaza,,,./0.png
18.41,-6.62,"332",Phaneliope,,,Neutrals,undefined,Kender,The Egyptian Pantheon,"2921",1401.9,602.9,-6.62,18.41,"9",,,,walls,,,,./0.png
-20.36,-10.36,"333",Porviatua,,,Neutrals,undefined,Centaur,Greek Deities,"483",471.3,692.6,-10.36,-20.36,"25",,,citadel,,,,,./0.png
-3.35828289899617,-10.3766952150011,"334",Spigna,Fonzatafon,Fonzatafon County,Fonticalia,Fonticalian Empire,Human,Greek Deities,"691",879.5,691.5,-10.31,-3.35,"9",,port,,walls,,,,./0.png
2.66,-11.11,"335",Sampagna,Torro,Torro County,Fonticalia,Fonticalian Empire,Human,Greek Deities,"538",1023.78,710.72,-11.11,2.66,"9",,,,,,,,./0.png
-19.79,-12.51,"336",Nightfall,,,Neutrals,undefined,Territori Selvaggi,Greek Deities,"481",485.15,744.18,-12.51,-19.79,"25",,,citadel,,,,,./0.png
-37.13,-16.45,"337",Santalompag,,,Neutrals,undefined,Human,Greek Deities,"2100",68.92,838.78,-16.45,-37.13,"9",,,citadel,,,,,./0.png
16.1943005756254,16.5337735858501,"338",Castwatch,,,Neutrals,undefined,Territori Selvaggi,The Egyptian Pantheon,"614",1348.5,46,16.58,16.19,"16",,port,,,,,,./0.png
4.32,7.26,"339",Dograspmaw,,,Neutrals,undefined,Territori Selvaggi,No religion,"1709",1063.78,269.67,7.26,4.32,"16",,,,,,,,./0.png
29.25,-13.87,"340",Sicereach,,,Neutrals,undefined,Territori Selvaggi,The Egyptian Pantheon,"4807",1662.08,776.84,-13.87,29.25,"16",,,,walls,plaza,,,./0.png
-30.2742819324844,-15.0424276146184,"341",Frasta,,,Neutrals,undefined,Human,Greek Deities,"4597",233.5,805.5,-15.06,-30.27,"25",,,citadel,walls,plaza,,,./0.png
18.55,-17.65,"342",Stonestar,,,Neutrals,undefined,Territori Selvaggi,The Egyptian Pantheon,"415",1405.09,867.62,-17.65,18.55,"16",,,,walls,,,,./0.png
8.73,-19.65,"343",Shimburn,,,Neutrals,undefined,Territori Selvaggi,Greek Deities,"6221",1169.53,915.63,-19.65,8.73,"16",,,citadel,,plaza,temple,,./0.png
-31.51,-21.93,"344",Pigno,,,Neutrals,undefined,Human,Greek Deities,"1124",203.8,970.25,-21.93,-31.51,"16",,,,,plaza,,,./0.png
-17.61,-24.56,"345",Fusora,Fusora,Fusora County,Fonticalia,Fonticalian Empire,Human,Greek Deities,"2243",537.45,1033.34,-24.56,-17.61,"16",,,,walls,plaza,,,./0.png
14.67,14.09,"346",Sunmorere,,,Neutrals,undefined,Territori Selvaggi,The Egyptian Pantheon,"2800",1312.05,105.87,14.09,14.67,"25",,,,walls,plaza,,,./0.png
-10.36,10.5,"347",Idewick,,,Neutrals,undefined,Territori Selvaggi,The Norse Pantheon,"1527",711.35,192.06,10.5,-10.36,"25",,,citadel,,,,,./0.png
-15.14,8.95,"348",Dedenhol,,,Neutrals,undefined,Territori Selvaggi,The Norse Pantheon,"6211",596.67,229.16,8.95,-15.14,"25",,,,walls,,,shanty town,./0.png
-18.69,8.12,"349",Cryshidemi,,,Neutrals,undefined,Territori Selvaggi,The Norse Pantheon,"3320",511.49,249.15,8.12,-18.69,"25",,,citadel,walls,,,,./0.png
-11.59,-0.18,"350",Bjerkkige,,,Neutrals,undefined,Dwarf,The Norse Pantheon,"3787",681.92,448.44,-0.18,-11.59,"64",,,citadel,walls,,,,./0.png
10.02,-5.27,"351",Lostswindge,,,Neutrals,undefined,Territori Selvaggi,No religion,"5088",1200.5,570.5,-5.27,10.02,"25",,,citadel,walls,plaza,,,./0.png
-35.76,-6.48,"352",Castriciglio,Sperzia,Sperzia County,Fonticalia,Fonticalian Empire,Human,Greek Deities,"3792",101.64,599.45,-6.48,-35.76,"25",,,,,plaza,,,./0.png
-24.78,-6.13,"353",Nightglen,,,Neutrals,undefined,Territori Selvaggi,Greek Deities,"484",365.18,591.17,-6.13,-24.78,"25",,,,,,,,./0.png
9.92,-6.35,"354",Heartvault,,,Neutrals,undefined,Kalashtar,No religion,"2975",1198.09,596.42,-6.35,9.92,"25",,,citadel,walls,,,,./0.png
16.25,-10.81,"355",Minoki,,,Neutrals,undefined,Aarakocra,No religion,"2258",1349.9,703.5,-10.81,16.25,"25",,,,,plaza,,,./0.png
29.87,-11.51,"356",Dogportle,,,Neutrals,undefined,Territori Selvaggi,The Egyptian Pantheon,"397",1676.97,720.15,-11.51,29.87,"25",,,citadel,walls,,,,./0.png
19.63,-13.71,"357",Houndtown,,,Neutrals,undefined,Territori Selvaggi,The Egyptian Pantheon,"1044",1431.05,773.14,-13.71,19.63,"25",,,,,,,,./0.png
-31.1666117276547,-14.9949746507009,"358",Pozagliali,,,Neutrals,undefined,Human,Greek Deities,"428",211.45,806.13,-15.09,-31.19,"25",,,,,,,,./0.png
-36.66,-15.27,"359",Casco,,,Neutrals,undefined,Human,Greek Deities,"2408",80.18,810.58,-15.27,-36.66,"25",,,citadel,walls,plaza,,,./0.png
-20.74,-22.22,"360",Grotri,,,Neutrals,undefined,Human,Greek Deities,"427",462.34,977.4,-22.22,-20.74,"25",,,,,plaza,,,./0.png
-22.64,-23.21,"361",Baglio,,,Neutrals,undefined,Human,Greek Deities,"3481",416.67,1001.03,-23.21,-22.64,"25",,,,,plaza,,,./0.png
-22.67,-23.65,"362",Fiugna,Guiciniania,Guiciniania County,Fonticalia,Fonticalian Empire,Human,Greek Deities,"436",415.96,1011.68,-23.65,-22.67,"25",,,,walls,,,,./0.png
-13.54,8.56,"363",Imegmeakec,,,Neutrals,undefined,Territori Selvaggi,The Norse Pantheon,"3155",635.14,238.65,8.56,-13.54,"36",,,citadel,,,,,./0.png
1.52,6.43,"364",Earthill,,,Neutrals,undefined,Territori Selvaggi,The Norse Pantheon,"2117",996.6,289.7,6.43,1.52,"36",,,citadel,,,,,./0.png
3.38,7.02,"365",Shimhand,,,Neutrals,undefined,Territori Selvaggi,No religion,"423",1041.12,275.57,7.02,3.38,"36",,,citadel,,,,,./0.png
-5.01,-1.14,"366",Millstal,,,Neutrals,undefined,Territori Selvaggi,The Norse Pantheon,"4139",839.72,471.38,-1.14,-5.01,"36",,,,walls,plaza,,,./0.png
25.32,-3.57,"367",Cragleverc,,,Neutrals,undefined,Territori Selvaggi,The Egyptian Pantheon,"428",1567.71,529.68,-3.57,25.32,"36",,,,,,,,./0.png
25.49,-5.38,"368",Snowstals,,,Neutrals,undefined,Territori Selvaggi,The Egyptian Pantheon,"418",1571.78,573.01,-5.38,25.49,"36",,,citadel,,,,,./0.png
-31.79,-8.45,"369",Cragraven,,,Neutrals,undefined,Territori Selvaggi,Greek Deities,"2784",197.12,646.83,-8.45,-31.79,"36",,,citadel,,plaza,,,./0.png
20.28,-14.11,"370",Pondholder,,,Neutrals,undefined,Territori Selvaggi,The Egyptian Pantheon,"2335",1446.78,782.56,-14.11,20.28,"36",,,citadel,walls,,,,./0.png
23.05,-15.48,"371",Timwallde,,,Neutrals,undefined,Territori Selvaggi,The Egyptian Pantheon,"427",1513.18,815.48,-15.48,23.05,"36",,,,,,,,./0.png
11.51,-16.43,"372",Bridcall,,,Neutrals,undefined,Territori Selvaggi,Greek Deities,"829",1236.26,838.32,-16.43,11.51,"36",,,citadel,walls,,,,./0.png
4.3,-22.15,"373",Shimerdere,,,Neutrals,undefined,Territori Selvaggi,Greek Deities,"478",1063.26,975.59,-22.15,4.3,"36",,,,,,,,./0.png
-5.22830430600784,-22.5550702573836,"374",Giupoduttica,Naza,Naza County,Fonticalia,Fonticalian Empire,Human,Greek Deities,"1879",835,985,-22.54,-5.21,"36",,port,citadel,,,,,./0.png
-9.48551306889175,-23.4516815229826,"375",Pettucivigno,Anteferci,Anteferci Dependency,Fonticalia,Fonticalian Empire,Human,Greek Deities,"647",733.5,1007.5,-23.48,-9.44,"36",,port,citadel,,,,,./0.png
9.44,10.96,"376",Cloudhill,,,Neutrals,undefined,Territori Selvaggi,No religion,"943",1186.48,181.01,10.96,9.44,"49",,,,,,,,./0.png
14.03,8.68,"377",Claymouth,,,Neutrals,undefined,Territori Selvaggi,The Egyptian Pantheon,"2790",1296.74,235.58,8.68,14.03,"81",,,citadel,,plaza,,,./0.png
12.08,7.4,"378",Nightwell,,,Neutrals,undefined,Territori Selvaggi,No religion,"410",1249.91,266.36,7.4,12.08,"81",,,citadel,,,,,./0.png
19.35,7.6,"379",Shatefair,,,Neutrals,undefined,Territori Selvaggi,The Egyptian Pantheon,"1827",1424.35,261.48,7.6,19.35,"81",,,,,plaza,,,./0.png
-22.65,6.77,"380",Kansreynes,,,Neutrals,undefined,Dwarf,The Norse Pantheon,"423",416.37,281.59,6.77,-22.65,"100",,,,,,,,./0.png
10.67,6.29,"381",Whitkeep,,,Neutrals,undefined,Territori Selvaggi,No religion,"405",1216.05,292.96,6.29,10.67,"81",,,,,plaza,,,./0.png
24.03,2.64,"382",Keatheiquara,,,Neutrals,undefined,Elf,The Egyptian Pantheon,"4603",1536.6,380.63,2.64,24.03,"49",,,citadel,,plaza,,,./0.png
11.37,-1.26,"383",Lostshield,,,Neutrals,undefined,Territori Selvaggi,The Egyptian Pantheon,"1416",1232.97,474.31,-1.26,11.37,"64",,,citadel,,,,,./0.png
2.8,-3.32,"384",Guarbodutri,,,Neutrals,undefined,Aasimar,No religion,"3051",1027.13,523.77,-3.32,2.8,"64",,,citadel,,,,,./0.png
-14.35,-4.71,"385",Viklaustur,,,Neutrals,undefined,Dwarf,The Norse Pantheon,"1247",615.56,556.98,-4.71,-14.35,"64",,,citadel,,,,,./0.png
-5.13,-5.88,"386",Gjeveroy,,,Neutrals,undefined,Dwarf,The Norse Pantheon,"3463",836.82,585.19,-5.88,-5.13,"49",,,,walls,plaza,,,./0.png
22.22,-7.45,"387",Scorchill,,,Neutrals,undefined,Territori Selvaggi,The Egyptian Pantheon,"3708",1493.27,622.75,-7.45,22.22,"64",,,citadel,walls,plaza,,,./0.png
-9.13,-9.98,"388",Rorestkeep,,,Neutrals,undefined,Territori Selvaggi,Greek Deities,"498",740.87,683.41,-9.98,-9.13,"100",,,,,plaza,,,./0.png
-7.43,-13.38,"389",Flaven,,,Neutrals,undefined,Territori Selvaggi,Greek Deities,"431",781.62,765.23,-13.38,-7.43,"49",,,citadel,,,,,./0.png
-9.61,-14.16,"390",Lostswind,,,Neutrals,undefined,Territori Selvaggi,Greek Deities,"2615",729.36,783.95,-14.16,-9.61,"49",,,,walls,plaza,,,./0.png
-6.16,-14.42,"391",Stormerde,,,Neutrals,undefined,Territori Selvaggi,Greek Deities,"1052",812.1,790.04,-14.42,-6.16,"49",,,citadel,,,,,./0.png
-13.5,6.27,"392",Kereretkomlos,,,Neutrals,undefined,Gnome,The Norse Pantheon,"5500",636.09,293.42,6.27,-13.5,"64",,,citadel,walls,,,shanty town,./0.png
-18.68,5.87,"393",Clifrost,,,Neutrals,undefined,Territori Selvaggi,The Norse Pantheon,"413",511.62,303.17,5.87,-18.68,"64",,,citadel,,,,,./0.png
12.52,5.15,"394",Thorde,,,Neutrals,undefined,Territori Selvaggi,The Egyptian Pantheon,"445",1260.38,320.4,5.15,12.52,"81",,,citadel,,,,,./0.png
10.91,3.86,"395",Lasthtown,,,Neutrals,undefined,Territori Selvaggi,The Egyptian Pantheon,"1343",1221.83,351.3,3.86,10.91,"100",,,,walls,,,,./0.png
18.32,3.85,"396",Enathenthe,Gerionde,Gerionde Margrave,Dranzandyndor,Empire of Dranzandyndor,Elf (High),The Egyptian Pantheon,"454",1399.66,351.64,3.85,18.32,"64",,,citadel,,,,,./0.png
5.91,0.15,"397",Mudwood,,,Neutrals,undefined,Territori Selvaggi,The Egyptian Pantheon,"411",1101.72,440.32,0.15,5.91,"64",,,citadel,walls,,,,./0.png
14.32,-1.21,"398",Shroudrock,,,Neutrals,undefined,Territori Selvaggi,The Egyptian Pantheon,"409",1303.7,473.05,-1.21,14.32,"100",,,citadel,walls,,,,./0.png
7.28,-2.28,"399",Graymouth,,,Neutrals,undefined,Territori Selvaggi,The Egyptian Pantheon,"411",1134.61,498.77,-2.28,7.28,"64",,,,,,,,./0.png
12.73,-2.38,"400",Swanfallver,,,Neutrals,undefined,Territori Selvaggi,The Egyptian Pantheon,"420",1265.43,501.06,-2.38,12.73,"64",,,citadel,,,,,./0.png
-31.52,-7.06,"401",Sprinrun,,,Neutrals,undefined,Territori Selvaggi,Greek Deities,"409",203.6,613.46,-7.06,-31.52,"64",,,citadel,,,,,./0.png
-10.37,-17.86,"402",Cagoongar,,,Neutrals,undefined,Territori Selvaggi,Greek Deities,"430",711.01,872.54,-17.86,-10.37,"64",,,citadel,walls,plaza,,,./0.png
-18.57,-20.21,"403",Dirtsplain,,,Neutrals,undefined,Territori Selvaggi,Greek Deities,"2397",514.28,929.04,-20.21,-18.57,"64",,,citadel,,,,,./0.png
3.54,-19.94,"404",Mythshore,,,Neutrals,undefined,Territori Selvaggi,Greek Deities,"439",1045,922.66,-19.94,3.54,"64",,,citadel,,plaza,,,./0.png
5.26,-19.95,"405",Dogport,,,Neutrals,undefined,Territori Selvaggi,Greek Deities,"414",1086.22,922.78,-19.95,5.26,"64",,,,walls,plaza,,,./0.png
-18.17,-21.01,"406",Trenecorrote,Guiciniania,Guiciniania County,Fonticalia,Fonticalian Empire,Human,Greek Deities,"413",523.92,948.33,-21.01,-18.17,"64",,,citadel,,,,,./0.png
-14.98,-20.88,"407",Licewick,,,Neutrals,undefined,Territori Selvaggi,Greek Deities,"1981",600.51,945.19,-20.88,-14.98,"64",,,citadel,,,,,./0.png
13.27,11.37,"408",Fearmirefo,,,Neutrals,undefined,Territori Selvaggi,The Egyptian Pantheon,"1180",1278.44,171.06,11.37,13.27,"81",,,citadel,,,,,./0.png
5.79,4.06,"409",Claywater,,,Neutrals,undefined,Territori Selvaggi,No religion,"4050",1099.06,346.46,4.06,5.79,"81",,,citadel,walls,,,,./0.png
8.74,-0.53,"410",Steamhorn,,,Neutrals,undefined,Territori Selvaggi,The Egyptian Pantheon,"718",1169.81,456.63,-0.53,8.74,"100",,,citadel,walls,plaza,,,./0.png
-14.99,-1.78,"411",Fellur,Opasjahia,Opasjahia Margrave,Tragbigia,Empire of Tragbigia,Dwarf,The Norse Pantheon,"3861",600.2,486.8,-1.78,-14.99,"81",,,,walls,,,,./0.png
17.99,-1.41,"412",Deepmoor,,,Neutrals,undefined,Territori Selvaggi,The Egyptian Pantheon,"417",1391.74,477.95,-1.41,17.99,"100",,,citadel,,plaza,,,./0.png
23.76,-3.36,"413",Graymondge,,,Neutrals,undefined,Territori Selvaggi,The Egyptian Pantheon,"4076",1530.28,524.62,-3.36,23.76,"81",,,,walls,plaza,,,./0.png
-7.17,-4.2,"414",Barfikaras,,,Neutrals,undefined,Dwarf,The Norse Pantheon,"1096",787.85,544.88,-4.2,-7.17,"81",,,citadel,,,,,./0.png
20.53,-10.42,"415",Dogrorehale,,,Neutrals,undefined,Territori Selvaggi,The Egyptian Pantheon,"1282",1452.82,694.16,-10.42,20.53,"81",,,,,,,,./0.png
7.97,-18.5,"416",Storest,,,Neutrals,undefined,Territori Selvaggi,Greek Deities,"3705",1151.23,887.91,-18.5,7.97,"81",,,,,plaza,,,./0.png
-9.15,-20.61,"417",Viglia,Anteferci,Anteferci Dependency,Fonticalia,Fonticalian Empire,Human,Greek Deities,"416",740.48,938.57,-20.61,-9.15,"81",,,citadel,,plaza,,,./0.png
14.29,11.58,"418",Idemilentle,,,Neutrals,undefined,Territori Selvaggi,The Egyptian Pantheon,"2884",1302.99,166.05,11.58,14.29,"100",,,citadel,walls,plaza,,,./0.png
11.11,10.75,"419",Shimber,,,Neutrals,undefined,Territori Selvaggi,No religion,"421",1226.59,185.92,10.75,11.11,"100",,,citadel,,,,,./0.png
8.48,7.22,"420",Griredake,,,Neutrals,undefined,Territori Selvaggi,No religion,"556",1163.44,270.81,7.22,8.48,"100",,,,,,,,./0.png
-26.75,3.67,"421",Dewgport,,,Neutrals,undefined,Territori Selvaggi,The Norse Pantheon,"4782",318.03,355.93,3.67,-26.75,"100",,,,walls,plaza,temple,,./0.png
11.77,0.76,"422",Edwood,,,Neutrals,undefined,Territori Selvaggi,The Egyptian Pantheon,"431",1242.52,425.78,0.76,11.77,"100",,,,,,,,./0.png
21.96,-1.02,"423",Freyspide,,,Neutrals,undefined,Territori Selvaggi,The Egyptian Pantheon,"1158",1487.08,468.41,-1.02,21.96,"100",,,,,plaza,,,./0.png
13.67,-2.15,"424",Mudbayvater,,,Neutrals,undefined,Territori Selvaggi,The Egyptian Pantheon,"407",1288.13,495.59,-2.15,13.67,"100",,,,,,,,./0.png
-29.75,-5.35,"425",Dogcoast,,,Neutrals,undefined,Territori Selvaggi,Greek Deities,"417",246.1,572.42,-5.35,-29.75,"100",,,citadel,,,,,./0.png
-32.88,-11.66,"426",Bellpass,,,Neutrals,undefined,Territori Selvaggi,Greek Deities,"2469",170.82,723.96,-11.66,-32.88,"100",,,,,,,,./0.png
-12.19,6.46,"427",Kefsos,Korna,Korna County,Tragbigia,Empire of Tragbigia,Dwarf,The Norse Pantheon,"405",667.42,289.04,6.46,-12.19,"121",,,,,plaza,,,./0.png
13.8,2.66,"428",Curcoast,,,Neutrals,undefined,Territori Selvaggi,The Egyptian Pantheon,"409",1291.27,380.17,2.66,13.8,"169",,,,,,,,./0.png
-14.1,-2.35,"429",Vikrogende,Opasjahia,Opasjahia Margrave,Tragbigia,Empire of Tragbigia,Dwarf,The Norse Pantheon,"675",621.5,500.5,-2.35,-14.1,"121",,port,,,,,,./0.png
15.75,-3.6,"430",Bellver,,,Neutrals,undefined,Territori Selvaggi,The Egyptian Pantheon,"1687",1338.1,530.51,-3.6,15.75,"121",,,,walls,,,,./0.png
19.85,-9.32,"431",Cryshield,,,Neutrals,undefined,Territori Selvaggi,The Egyptian Pantheon,"1703",1436.33,667.76,-9.32,19.85,"121",,,citadel,,,,,./0.png
21.09,-9.16,"432",Dustchpost,,,Neutrals,undefined,Territori Selvaggi,The Egyptian Pantheon,"2331",1466.19,663.94,-9.16,21.09,"121",,,,walls,,,,./0.png
-27.34,-10.52,"433",Clayard,,,Neutrals,undefined,Territori Selvaggi,Greek Deities,"1957",303.91,696.47,-10.52,-27.34,"121",,,citadel,walls,,,,./0.png
-9.89,-10.58,"434",Shavengview,,,Neutrals,undefined,Territori Selvaggi,Greek Deities,"419",722.76,697.82,-10.58,-9.89,"121",,,,,,,,./0.png
5.88,-17.39,"435",Ambermites,,,Neutrals,undefined,Territori Selvaggi,Greek Deities,"3545",1101.19,861.42,-17.39,5.88,"121",,,,,plaza,,,./0.png
7.67,-17.22,"436",Wilsehale,,,Neutrals,undefined,Territori Selvaggi,Greek Deities,"1539",1144.1,857.23,-17.22,7.67,"121",,,,,,,,./0.png
1.7,-18.46,"437",Conta,,,Neutrals,undefined,Human,Greek Deities,"2147",1000.72,887.16,-18.46,1.7,"121",,,citadel,walls,plaza,,,./0.png
-12.86,-20.19,"438",Dogport,,,Neutrals,undefined,Territori Selvaggi,Greek Deities,"2731",651.3,928.52,-20.19,-12.86,"121",,,citadel,,plaza,,,./0.png
17.7,11.27,"439",Grassplain,,,Neutrals,undefined,Territori Selvaggi,The Egyptian Pantheon,"1209",1384.71,173.54,11.27,17.7,"144",,,citadel,walls,,,,./0.png
17.72,9.4,"440",Shakefair,,,Neutrals,undefined,Territori Selvaggi,The Egyptian Pantheon,"1018",1385.19,218.29,9.4,17.72,"144",,,,,,,,./0.png
21.83,6.54,"441",Bellverme,,,Neutrals,undefined,Territori Selvaggi,The Egyptian Pantheon,"3905",1483.97,286.96,6.54,21.83,"144",,,,walls,plaza,,,./0.png
17.99,4.64,"442",Bearwood,,,Neutrals,undefined,Territori Selvaggi,The Egyptian Pantheon,"4139",1391.8,332.54,4.64,17.99,"144",,,,walls,,,,./0.png
3.88,3.44,"443",Shatharkun,,,Neutrals,undefined,Goliath,No religion,"2039",1053.15,361.51,3.44,3.88,"144",,,,,,,,./0.png
-8.37,-11.89,"444",Mudpasshell,,,Neutrals,undefined,Territori Selvaggi,Greek Deities,"1854",759.19,729.39,-11.89,-8.37,"144",,,,,,,,./0.png
20.73,7.61,"445",Smootvault,,,Neutrals,undefined,Territori Selvaggi,The Egyptian Pantheon,"989",1457.46,261.28,7.61,20.73,"169",,,,,,,,./0.png
-23.03,5.44,"446",Nelaberbak,,,Neutrals,undefined,Dwarf,The Norse Pantheon,"699",407.27,313.47,5.44,-23.03,"169",,,,,,,,./0.png
-6.48,5.65,"447",Trogengi,,,Neutrals,undefined,Dwarf,The Norse Pantheon,"432",804.49,308.3,5.65,-6.48,"169",,,,,,,,./0.png
13.7,3.78,"448",Smootvault,,,Neutrals,undefined,Territori Selvaggi,The Egyptian Pantheon,"912",1288.74,353.26,3.78,13.7,"169",,,,,plaza,,,./0.png
-20.63,1.99,"449",Budager,,,Neutrals,undefined,Dwarf,The Norse Pantheon,"2525",464.82,396.26,1.99,-20.63,"169",,,,walls,,,,./0.png
13.08,-0.19,"450",Draken,,,Neutrals,undefined,Territori Selvaggi,The Egyptian Pantheon,"6679",1274.03,448.45,-0.19,13.08,"169",,,,,plaza,temple,,./0.png
-22.27,-1.14,"451",Tjotnestad,,,Neutrals,undefined,Dwarf,The Norse Pantheon,"1879",425.46,471.44,-1.14,-22.27,"169",,,citadel,,plaza,,,./0.png
15.06,-1.69,"452",Ovevein,,,Neutrals,undefined,Territori Selvaggi,The Egyptian Pantheon,"1342",1321.51,484.48,-1.69,15.06,"169",,,citadel,,,,,./0.png
-8.58,-4.53,"453",Kjellandur,,,Neutrals,undefined,Dwarf,The Norse Pantheon,"5669",754.16,552.79,-4.53,-8.58,"169",,,citadel,walls,,temple,shanty town,./0.png
-18.53,-19.22,"454",Oldfordford,,,Neutrals,undefined,Territori Selvaggi,Greek Deities,"2806",515.16,905.3,-19.22,-18.53,"169",,,citadel,,plaza,,,./0.png
14.75,2.77,"455",Snowtown,,,Neutrals,undefined,Territori Selvaggi,The Egyptian Pantheon,"2275",1314.01,377.63,2.77,14.75,"196",,,citadel,walls,plaza,,,./0.png
-9.12,-0.66,"456",Reykken,Miset,Miset County,Tragbigia,Empire of Tragbigia,Dwarf,The Norse Pantheon,"3666",741.22,459.73,-0.66,-9.12,"196",,,citadel,,plaza,,,./0.png
-18.82,-2.46,"457",Kaldals,,,Neutrals,undefined,Dwarf,The Norse Pantheon,"435",508.31,503.05,-2.46,-18.82,"196",,,,,,,,./0.png
-8.37,-2.99,"458",Sollan,Miset,Miset County,Tragbigia,Empire of Tragbigia,Dwarf,The Norse Pantheon,"2678",759.13,515.81,-2.99,-8.37,"196",,,citadel,walls,plaza,,,./0.png
-18.55,-3.15,"459",Breidals,,,Neutrals,undefined,Dwarf,The Norse Pantheon,"892",514.68,519.51,-3.15,-18.55,"196",,,,,plaza,,,./0.png
-16.79,-4.38,"460",Trelvevik,Thornes,Thornes Margrave,Tragbigia,Empire of Tragbigia,Dwarf,The Norse Pantheon,"2977",556.93,549.11,-4.38,-16.79,"196",,,,walls,plaza,,,./0.png
16.72,0.64,"461",Hoceans,,,Neutrals,undefined,Territori Selvaggi,The Egyptian Pantheon,"412",1361.33,428.53,0.64,16.72,"225",,,,,plaza,,,./0.png
-8.49,-0.79,"462",Dondokur,Miset,Miset County,Tragbigia,Empire of Tragbigia,Dwarf,The Norse Pantheon,"1330",756.26,463.01,-0.79,-8.49,"225",,,,,plaza,,,./0.png
-10.2,-4.96,"463",Kefladir,Helmoendia,Helmoendia County,Tragbigia,Empire of Tragbigia,Dwarf (Duergar),The Norse Pantheon,"2582",715.14,563.16,-4.96,-10.2,"225",,,,walls,plaza,,,./0.png
-7.19,4.07,"464",Salhusver,Salhusver,Salhusver Territory,Tragbigia,Empire of Tragbigia,Dwarf,The Norse Pantheon,"1269",787.5,346.43,4.07,-7.19,"289",,,,,,,,./0.png
-18.94,-0.02,"465",Kokerdur,Kokerdur,Kokerdur Territory,Tragbigia,Empire of Tragbigia,Dwarf,The Norse Pantheon,"1925",505.36,444.44,-0.02,-18.94,"256",,,citadel,,,,,./0.png
-16.83,-2.36,"466",Eivobygnan,Opasjahia,Opasjahia Margrave,Tragbigia,Empire of Tragbigia,Dwarf,The Norse Pantheon,"1286",556.07,500.67,-2.36,-16.83,"324",,,,,,,,./0.png
16.28,-8.44,"467",Naweauluo,,,Neutrals,undefined,Kenku,No religion,"2406",1350.72,646.68,-8.44,16.28,"324",,,,walls,plaza,,,./0.png
-10.52,5.53,"468",Elmoen,Korna,Korna County,Tragbigia,Empire of Tragbigia,Dwarf,The Norse Pantheon,"3969",707.52,311.3,5.53,-10.52,"289",,,citadel,,plaza,,,./0.png
-18.04,1.23,"469",Horarnira,Kokerdur,Kokerdur Territory,Tragbigia,Empire of Tragbigia,Dwarf,The Norse Pantheon,"715",526.96,414.43,1.23,-18.04,"400",,,,,,,,./0.png
-15.7,1.03,"470",Gjenestad,Opasjahia,Opasjahia Margrave,Tragbigia,Empire of Tragbigia,Dwarf,The Norse Pantheon,"1088",583.18,419.27,1.03,-15.7,"361",,,citadel,,plaza,,,./0.png
-8.41,5.23,"471",Halmoen,Korna,Korna County,Tragbigia,Empire of Tragbigia,Dwarf,The Norse Pantheon,"421",758.27,318.54,5.23,-8.41,"256",,,,,,,,./0.png
-16.37,-1.66,"472",Brautoya,Opasjahia,Opasjahia Margrave,Tragbigia,Empire of Tragbigia,Dwarf,The Norse Pantheon,"2194",567.17,483.82,-1.66,-16.37,"484",,,,,,,,./0.png
-24.17,0.03,"473",Rikakuga,,,Neutrals,undefined,Dwarf,The Norse Pantheon,"429",380.02,443.36,0.03,-24.17,"484",,,citadel,walls,plaza,,,./0.png
-15.01,1.02,"474",Hrafting,Vidrekkivo,Vidrekkivo County,Tragbigia,Empire of Tragbigia,Dwarf,The Norse Pantheon,"430",599.79,419.57,1.02,-15.01,"576",,,citadel,,,,,./0.png
-8.36,2.64,"475",Snubavo,Salhusver,Salhusver Territory,Tragbigia,Empire of Tragbigia,Dwarf,The Norse Pantheon,"1947",759.35,380.54,2.64,-8.36,"961",,,citadel,,plaza,,,./0.png
10.62,17.25,"476",Ailatanea,,,Neutrals,undefined,Fairy,No religion,"2637",1214.83,29.96,17.25,10.62,"4",,,citadel,walls,,,,./0.png
-26.69,16.47,"477",Ekoro,,,Neutrals,undefined,Goblin,No religion,"1920",319.55,48.75,16.47,-26.69,"4",,,,,,,,./0.png
-23.48,15.99,"478",Kushi,,,Neutrals,undefined,Goblin,No religion,"397",396.56,60.26,15.99,-23.48,"4",,,citadel,,,,,./0.png
-1.51,15.58,"479",Ballabygd,,,Neutrals,undefined,Dragonborn,The Norse Pantheon,"401",923.85,70.17,15.58,-1.51,"4",,,,walls,plaza,,,./0.png
-30.49,15.06,"480",Hofngey,,,Neutrals,undefined,Kobold,No religion,"2215",228.16,82.47,15.06,-30.49,"4",,,citadel,,,,,./0.png
-26.9,15.21,"481",Ndode,,,Neutrals,undefined,Goblin,No religion,"398",314.42,78.86,15.21,-26.9,"4",,,citadel,,,,,./0.png
-6.10377581136557,15.5882821995241,"482",Opnafjor,,,Neutrals,undefined,Dragonborn,The Norse Pantheon,"769",813,69,15.63,-6.12,"4",,port,citadel,,,,,./0.png
0.75,14.99,"483",Austrond,,,Neutrals,undefined,Dragonborn,The Norse Pantheon,"1820",977.94,84.34,14.99,0.75,"4",,,,,,,,./0.png
26.06,14.69,"484",Nathara,Wlarien,Wlarien Earldom,Dranzandyndor,Empire of Dranzandyndor,Elf (Drow),The Egyptian Pantheon,"1006",1585.4,91.4,14.69,26.06,"4",,,,,plaza,,,./0.png
-30.3,14.36,"485",Kviseyri,,,Neutrals,undefined,Kobold,No religion,"399",232.69,99.38,14.36,-30.3,"4",,,,walls,,,,./0.png
0.53,14.47,"486",Sordalnes,,,Neutrals,undefined,Dragonborn,The Norse Pantheon,"470",972.78,96.62,14.47,0.53,"4",,,,walls,,,,./0.png
6.94,14.59,"487",Dayedrak,,,Neutrals,undefined,Yuan-ti,No religion,"406",1126.67,93.89,14.59,6.94,"4",,,citadel,walls,plaza,,,./0.png
-34.16,14.13,"488",Batmik,,,Neutrals,undefined,Half-Orc,No religion,"1574",140.13,104.83,14.13,-34.16,"4",,,,,,,,./0.png
-30.78,14.05,"489",Balompavanya,,,Neutrals,undefined,Half-Orc,No religion,"435",221.29,106.75,14.05,-30.78,"4",,,,walls,,,,./0.png
-25.89,13.79,"490",Chagizikon,,,Neutrals,undefined,Hadozee,No religion,"2006",338.7,113.06,13.79,-25.89,"4",,,citadel,walls,plaza,,,./0.png
-24.3316009775234,13.4960703167256,"491",Nauke,,,Neutrals,undefined,Hadozee,No religion,"3349",375.5,121,13.46,-24.35,"4",,port,citadel,walls,plaza,,,./0.png
-4.8,13.97,"492",Vodoyrino,,,Neutrals,undefined,Dragonborn,The Norse Pantheon,"459",844.7,108.68,13.97,-4.8,"4",,,,,plaza,,,./0.png
-2.63,13.56,"493",Sunahver,,,Neutrals,undefined,Dragonborn,The Norse Pantheon,"1678",896.9,118.6,13.56,-2.63,"4",,,,walls,,,,./0.png
-22.04,13.18,"494",Unnstadre,,,Neutrals,undefined,Bugbear,No religion,"3853",431.1,127.6,13.18,-22.04,"4",,,,walls,plaza,,,./0.png
-21.02,13.3,"495",Blokholso,,,Neutrals,undefined,Bugbear,No religion,"6564",455.57,124.72,13.3,-21.02,"4",,,,walls,plaza,,shanty town,./0.png
-13.0716905393861,12.7353957372361,"496",Agurias,,,Neutrals,undefined,Minotaur,The Norse Pantheon,"644",647,138,12.75,-13.04,"4",,port,citadel,walls,,,,./0.png
1.65,12.94,"497",Bifting,,,Neutrals,undefined,Dragonborn,The Norse Pantheon,"447",999.66,133.51,12.94,1.65,"4",,,citadel,,,,,./0.png
-27.91,12.16,"498",Laugavik,,,Neutrals,undefined,Hobgoblin,No religion,"2595",290.23,152.14,12.16,-27.91,"4",,,citadel,walls,plaza,,,./0.png
-37.37,11.36,"499",Moonshield,,,Neutrals,undefined,Territori Selvaggi,No religion,"538",63.2,171.43,11.36,-37.37,"4",,,citadel,,,,,./0.png
-28.4,11.63,"500",Tomolk,,,Neutrals,undefined,Orc,No religion,"2754",278.36,164.8,11.63,-28.4,"4",,,citadel,walls,plaza,,,./0.png
27.7489188949345,10.8454833321912,"501",Tiriatheas,Ryveririan,Ryveririan County,Dranzandyndor,Empire of Dranzandyndor,Elf (Sea),The Egyptian Pantheon,"668",1627,184.5,10.81,27.79,"4",,port,citadel,,,,,./0.png
-37.33,9.61,"502",Nighthall,,,Neutrals,undefined,Territori Selvaggi,No religion,"438",64.12,213.37,9.61,-37.33,"4",,,citadel,walls,,,,./0.png
-9.05,9.93,"503",Anfove,,,Neutrals,undefined,Territori Selvaggi,The Norse Pantheon,"1334",742.85,205.74,9.93,-9.05,"4",,,,,,,,./0.png
-4.28,9.45,"504",Leivikki,,,Neutrals,undefined,Autognome,The Norse Pantheon,"464",857.2,217.2,9.45,-4.28,"4",,,citadel,,plaza,,,./0.png
-37.29,9.01,"505",Bouldyard,,,Neutrals,undefined,Territori Selvaggi,No religion,"443",64.96,227.66,9.01,-37.29,"4",,,,,,,,./0.png
-29.64,9.26,"506",Csaktabads,,,Neutrals,undefined,Orc,No religion,"885",248.61,221.65,9.26,-29.64,"4",,,,walls,,,,./0.png
-19.42,8.95,"507",Bearunzeg,,,Neutrals,undefined,Territori Selvaggi,The Norse Pantheon,"2325",493.97,229.24,8.95,-19.42,"4",,,citadel,walls,,,,./0.png
-36.68,6.76,"508",Oakeband,,,Neutrals,undefined,Territori Selvaggi,No religion,"446",79.67,281.84,6.76,-36.68,"4",,,,,,,,./0.png
-30.94,5.09,"509",Kika,,,Neutrals,undefined,Loxodon,The Norse Pantheon,"516",217.44,321.73,5.09,-30.94,"4",,,,,,,,./0.png
-28.75,4.64,"510",Dradeneld,,,Neutrals,undefined,Territori Selvaggi,The Norse Pantheon,"517",269.97,332.53,4.64,-28.75,"4",,,citadel,,plaza,,,./0.png
